transaction_id,user_id,timestamp,amount_bdt,category,merchant_id,payment_source,transaction_type,hour,day_of_week,is_weekend,is_new_merchant,minutes_since_prev_txn,user_avg_amount_prior,category_avg_amount_prior,rolling_7d_spend_prior,rolling_30d_spend_prior,prior_txn_count,anomaly_label,anomaly_type
TXN00001,U001,2026-07-01 00:59:00,2053.87,Electricity,M-EL-01,PURPOSE_FUND,MERCHANT_PAYMENT,0,Wednesday,0,1,-1,0.0,0.0,0,0,0,1,UNUSUAL_HOUR
TXN00002,U013,2026-07-01 10:59:00,385.0,Restaurant/Food,M-RF-03,NORMAL_WALLET,MERCHANT_PAYMENT,10,Wednesday,0,1,-1,0.0,0.0,0,0,0,0,NORMAL
TXN00003,U004,2026-07-01 19:12:00,424.25,Restaurant/Food,M-RF-04,NORMAL_WALLET,MERCHANT_PAYMENT,19,Wednesday,0,1,-1,0.0,0.0,0,0,0,0,NORMAL
TXN00004,U015,2026-07-01 19:57:00,2790.14,Education,M-ED-01,NORMAL_WALLET,MERCHANT_PAYMENT,19,Wednesday,0,1,-1,0.0,0.0,0,0,0,0,NORMAL
TXN00005,U005,2026-07-01 20:23:00,5237.9,Rent,M-RT-02,NORMAL_WALLET,MERCHANT_PAYMENT,20,Wednesday,0,1,-1,0.0,0.0,0,0,0,0,NORMAL
TXN00006,U005,2026-07-01 20:25:00,1313.96,Electricity,M-EL-01,NORMAL_WALLET,MERCHANT_PAYMENT,20,Wednesday,0,1,2,5237.9,0.0,5237.9,5237.9,1,1,RAPID_REPEAT
TXN00007,U010,2026-07-02 06:41:00,7945.73,Rent,M-RT-02,NORMAL_WALLET,MERCHANT_PAYMENT,6,Thursday,0,1,-1,0.0,0.0,0,0,0,0,NORMAL
TXN00008,U012,2026-07-03 09:35:00,9526.31,Rent,M-RT-01,NORMAL_WALLET,MERCHANT_PAYMENT,9,Friday,0,1,-1,0.0,0.0,0,0,0,0,NORMAL
TXN00009,U001,2026-07-03 10:09:00,699.14,Electricity,M-EL-01,NORMAL_WALLET,MERCHANT_PAYMENT,10,Friday,0,0,3430,2053.87,2053.87,2053.87,2053.87,1,0,NORMAL
TXN00010,U003,2026-07-03 15:16:00,3607.81,Shopping,NEW-U003-00,NORMAL_WALLET,MERCHANT_PAYMENT,15,Friday,0,1,-1,0.0,0.0,0,0,0,1,NEW_MERCHANT_HIGH_AMOUNT
TXN00011,U012,2026-07-03 15:20:00,1706.6,Education,M-ED-01,NORMAL_WALLET,MERCHANT_PAYMENT,15,Friday,0,1,345,9526.31,0.0,9526.31,9526.31,1,0,NORMAL
TXN00012,U015,2026-07-03 15:42:00,780.13,Grocery,M-GR-03,NORMAL_WALLET,MERCHANT_PAYMENT,15,Friday,0,1,2625,2790.14,0.0,2790.14,2790.14,1,0,NORMAL
TXN00013,U005,2026-07-04 04:56:00,699.52,Medicine,M-MD-03,FAMILY_PASS,MERCHANT_PAYMENT,4,Saturday,1,1,3391,3275.93,0.0,6551.86,6551.86,2,0,NORMAL
TXN00014,U013,2026-07-04 23:04:00,10080.46,Shopping,NEW-U013-01,NORMAL_WALLET,MERCHANT_PAYMENT,23,Saturday,1,1,5045,385.0,0.0,385.0,385.0,1,1,NEW_MERCHANT_HIGH_AMOUNT
TXN00015,U013,2026-07-05 07:44:00,779.93,Electricity,M-EL-01,NORMAL_WALLET,MERCHANT_PAYMENT,7,Sunday,1,1,520,5232.73,0.0,10465.46,10465.46,2,0,NORMAL
TXN00016,U002,2026-07-05 15:23:00,566.59,Medicine,M-MD-02,NORMAL_WALLET,MERCHANT_PAYMENT,15,Sunday,1,1,-1,0.0,0.0,0,0,0,0,NORMAL
TXN00017,U002,2026-07-05 20:17:00,1543.47,Education,M-ED-01,NORMAL_WALLET,MERCHANT_PAYMENT,20,Sunday,1,1,294,566.59,0.0,566.59,566.59,1,0,NORMAL
TXN00018,U005,2026-07-06 00:38:00,7811.03,Rent,M-RT-02,NORMAL_WALLET,MERCHANT_PAYMENT,0,Monday,0,0,2622,2417.13,5237.9,7251.38,7251.38,3,0,NORMAL
TXN00019,U007,2026-07-06 01:13:00,11637.74,Rent,M-RT-02,PURPOSE_FUND,MERCHANT_PAYMENT,1,Monday,0,1,-1,0.0,0.0,0,0,0,0,NORMAL
TXN00020,U010,2026-07-06 02:44:00,13880.55,Shopping,M-SH-02,PURPOSE_FUND,MERCHANT_PAYMENT,2,Monday,0,1,5523,7945.73,0.0,7945.73,7945.73,1,1,HIGH_AMOUNT
TXN00021,U013,2026-07-06 11:14:00,167.98,Medicine,M-MD-03,FAMILY_PASS,MERCHANT_PAYMENT,11,Monday,0,1,1650,3748.46,0.0,11245.39,11245.39,3,0,NORMAL
TXN00022,U014,2026-07-06 14:28:00,420.09,Medicine,M-MD-02,PURPOSE_FUND,MERCHANT_PAYMENT,14,Monday,0,1,-1,0.0,0.0,0,0,0,0,NORMAL
TXN00023,U012,2026-07-06 16:15:00,1408.1,Grocery,M-GR-04,NORMAL_WALLET,MERCHANT_PAYMENT,16,Monday,0,1,4375,5616.45,0.0,11232.91,11232.91,2,0,NORMAL
TXN00024,U011,2026-07-06 22:49:00,1477.71,Shopping,M-SH-03,FAMILY_PASS,MERCHANT_PAYMENT,22,Monday,0,1,-1,0.0,0.0,0,0,0,0,NORMAL
TXN00025,U005,2026-07-07 00:05:00,179.4,Restaurant/Food,M-RF-03,NORMAL_WALLET,MERCHANT_PAYMENT,0,Tuesday,0,1,1407,3765.6,0.0,15062.41,15062.41,4,0,NORMAL
TXN00026,U011,2026-07-07 04:49:00,317.06,Transport,M-TR-01,PURPOSE_FUND,MERCHANT_PAYMENT,4,Tuesday,0,1,360,1477.71,0.0,1477.71,1477.71,1,0,NORMAL
TXN00027,U007,2026-07-07 05:29:00,227.94,Restaurant/Food,M-RF-02,PURPOSE_FUND,MERCHANT_PAYMENT,5,Tuesday,0,1,1696,11637.74,0.0,11637.74,11637.74,1,0,NORMAL
TXN00028,U011,2026-07-07 06:50:00,225.38,Transport,M-TR-03,NORMAL_WALLET,MERCHANT_PAYMENT,6,Tuesday,0,1,121,897.38,317.06,1794.77,1794.77,2,0,NORMAL
TXN00029,U014,2026-07-07 08:29:00,771.42,Medicine,M-MD-03,NORMAL_WALLET,MERCHANT_PAYMENT,8,Tuesday,0,1,1081,420.09,420.09,420.09,420.09,1,0,NORMAL
TXN00030,U014,2026-07-07 08:32:00,1829.81,Grocery,M-GR-02,FAMILY_PASS,MERCHANT_PAYMENT,8,Tuesday,0,1,3,595.75,0.0,1191.51,1191.51,2,1,RAPID_REPEAT
TXN00031,U009,2026-07-07 10:41:00,372.55,Medicine,M-MD-01,PURPOSE_FUND,MERCHANT_PAYMENT,10,Tuesday,0,1,-1,0.0,0.0,0,0,0,0,NORMAL
TXN00032,U013,2026-07-08 05:51:00,1466.33,Shopping,M-SH-03,FAMILY_PASS,MERCHANT_PAYMENT,5,Wednesday,0,1,2557,2853.34,10080.46,11413.37,11413.37,4,0,NORMAL
TXN00033,U002,2026-07-08 09:11:00,393.59,Medicine,M-MD-03,PURPOSE_FUND,MERCHANT_PAYMENT,9,Wednesday,0,1,3654,1055.03,566.59,2110.06,2110.06,2,0,NORMAL
TXN00034,U006,2026-07-08 11:00:00,2270.69,Electricity,M-EL-01,PURPOSE_FUND,MERCHANT_PAYMENT,11,Wednesday,0,1,-1,0.0,0.0,0,0,0,0,NORMAL
TXN00035,U015,2026-07-08 12:09:00,8870.43,Electricity,M-EL-01,PURPOSE_FUND,MERCHANT_PAYMENT,12,Wednesday,0,1,6987,1785.13,0.0,3570.27,3570.27,2,1,HIGH_AMOUNT
TXN00036,U003,2026-07-08 19:26:00,1076.1,Grocery,M-GR-04,NORMAL_WALLET,MERCHANT_PAYMENT,19,Wednesday,0,1,7450,3607.81,0.0,3607.81,3607.81,1,0,NORMAL
TXN00037,U011,2026-07-08 21:47:00,1457.08,Shopping,M-SH-01,NORMAL_WALLET,MERCHANT_PAYMENT,21,Wednesday,0,1,2337,673.38,1477.71,2020.15,2020.15,3,0,NORMAL
TXN00038,U005,2026-07-09 05:27:00,3583.99,Medicine,M-MD-03,NORMAL_WALLET,MERCHANT_PAYMENT,5,Thursday,0,0,3202,3048.36,699.52,8689.95,15241.81,5,1,CATEGORY_SPIKE
TXN00039,U005,2026-07-09 05:29:00,4104.98,Shopping,M-SH-04,NORMAL_WALLET,MERCHANT_PAYMENT,5,Thursday,0,1,2,3137.63,0.0,12273.94,18825.8,6,1,RAPID_REPEAT
TXN00040,U009,2026-07-09 09:16:00,2432.24,Electricity,M-EL-01,FAMILY_PASS,MERCHANT_PAYMENT,9,Thursday,0,1,2795,372.55,0.0,372.55,372.55,1,0,NORMAL
TXN00041,U009,2026-07-09 20:50:00,519.91,Grocery,M-GR-01,FAMILY_PASS,MERCHANT_PAYMENT,20,Thursday,0,1,694,1402.39,0.0,2804.79,2804.79,2,0,NORMAL
TXN00042,U001,2026-07-09 21:51:00,918.63,Grocery,M-GR-02,PURPOSE_FUND,MERCHANT_PAYMENT,21,Thursday,0,1,9342,1376.5,0.0,699.14,2753.01,2,0,NORMAL
TXN00043,U009,2026-07-10 04:40:00,1007.2,Grocery,M-GR-03,NORMAL_WALLET,MERCHANT_PAYMENT,4,Friday,0,1,470,1108.23,519.91,3324.7,3324.7,3,0,NORMAL
TXN00044,U006,2026-07-10 20:47:00,1295.4,Education,M-ED-01,NORMAL_WALLET,MERCHANT_PAYMENT,20,Friday,0,1,3467,2270.69,0.0,2270.69,2270.69,1,0,NORMAL
TXN00045,U012,2026-07-11 08:25:00,9579.4,Rent,M-RT-02,NORMAL_WALLET,MERCHANT_PAYMENT,8,Saturday,1,1,6730,4213.67,9526.31,1408.1,12641.01,3,0,NORMAL
TXN00046,U012,2026-07-11 10:13:00,584.75,Grocery,M-GR-01,FAMILY_PASS,MERCHANT_PAYMENT,10,Saturday,1,1,108,5555.1,1408.1,10987.5,22220.41,4,0,NORMAL
TXN00047,U013,2026-07-11 13:24:00,757.47,Grocery,M-GR-02,NORMAL_WALLET,MERCHANT_PAYMENT,13,Saturday,1,1,4773,2575.94,0.0,12494.7,12879.7,5,0,NORMAL
TXN00048,U013,2026-07-11 13:27:00,930.09,Medicine,M-MD-01,PURPOSE_FUND,MERCHANT_PAYMENT,13,Saturday,1,1,3,2272.86,167.98,13252.17,13637.17,6,1,RAPID_REPEAT
TXN00049,U014,2026-07-11 13:34:00,452.66,Transport,M-TR-03,NORMAL_WALLET,MERCHANT_PAYMENT,13,Saturday,1,1,6062,1007.11,0.0,3021.32,3021.32,3,0,NORMAL
TXN00050,U009,2026-07-11 14:36:00,467.01,Grocery,M-GR-02,NORMAL_WALLET,MERCHANT_PAYMENT,14,Saturday,1,1,2036,1082.97,763.56,4331.9,4331.9,4,0,NORMAL
TXN00051,U014,2026-07-11 19:46:00,858.04,Electricity,M-EL-01,PURPOSE_FUND,MERCHANT_PAYMENT,19,Saturday,1,1,372,868.5,0.0,3473.98,3473.98,4,0,NORMAL
TXN00052,U012,2026-07-12 02:12:00,411.57,Transport,M-TR-02,NORMAL_WALLET,MERCHANT_PAYMENT,2,Sunday,1,1,959,4561.03,0.0,11572.25,22805.16,5,1,UNUSUAL_HOUR
TXN00053,U005,2026-07-12 09:45:00,1319.37,Shopping,M-SH-02,NORMAL_WALLET,MERCHANT_PAYMENT,9,Sunday,1,1,4576,3275.83,4104.98,15679.4,22930.78,7,0,NORMAL
TXN00054,U009,2026-07-12 10:19:00,834.92,Medicine,M-MD-01,FAMILY_PASS,MERCHANT_PAYMENT,10,Sunday,1,0,1183,959.78,372.55,4798.91,4798.91,5,0,NORMAL
TXN00055,U008,2026-07-12 16:06:00,402.06,Transport,M-TR-02,PURPOSE_FUND,MERCHANT_PAYMENT,16,Sunday,1,1,-1,0.0,0.0,0,0,0,0,NORMAL
TXN00056,U001,2026-07-12 21:33:00,659.75,Grocery,M-GR-02,FAMILY_PASS,MERCHANT_PAYMENT,21,Sunday,1,0,4302,1223.88,918.63,918.63,3671.64,3,0,NORMAL
TXN00057,U005,2026-07-12 21:41:00,6147.5,Rent,M-RT-01,PURPOSE_FUND,MERCHANT_PAYMENT,21,Sunday,1,1,716,3031.27,6524.47,16998.77,24250.15,8,0,NORMAL
TXN00058,U014,2026-07-13 06:41:00,1098.18,Electricity,M-EL-01,FAMILY_PASS,MERCHANT_PAYMENT,6,Monday,0,0,2095,866.4,858.04,4332.02,4332.02,5,0,NORMAL
TXN00059,U006,2026-07-13 07:58:00,1249.62,Grocery,M-GR-03,PURPOSE_FUND,MERCHANT_PAYMENT,7,Monday,0,1,3551,1783.05,0.0,3566.09,3566.09,2,0,NORMAL
TXN00060,U003,2026-07-13 21:16:00,10764.14,Rent,M-RT-01,NORMAL_WALLET,MERCHANT_PAYMENT,21,Monday,0,1,7310,2341.95,0.0,1076.1,4683.91,2,0,NORMAL
TXN00061,U002,2026-07-13 23:18:00,680.82,Electricity,M-EL-01,PURPOSE_FUND,MERCHANT_PAYMENT,23,Monday,0,1,8047,834.55,0.0,393.59,2503.65,3,0,NORMAL
TXN00062,U004,2026-07-14 01:00:00,14245.11,Rent,M-RT-01,NORMAL_WALLET,MERCHANT_PAYMENT,1,Tuesday,0,1,17628,424.25,0.0,0,424.25,1,0,NORMAL
TXN00063,U013,2026-07-14 12:53:00,208.72,Medicine,M-MD-02,PURPOSE_FUND,MERCHANT_PAYMENT,12,Tuesday,0,1,4286,2081.04,549.03,3153.89,14567.26,7,0,NORMAL
TXN00064,U010,2026-07-14 17:09:00,713.65,Education,M-ED-02,NORMAL_WALLET,MERCHANT_PAYMENT,17,Tuesday,0,1,12385,10913.14,0.0,0,21826.28,2,0,NORMAL
TXN00065,U007,2026-07-14 19:32:00,288.07,Grocery,M-GR-04,NORMAL_WALLET,MERCHANT_PAYMENT,19,Tuesday,0,1,10923,5932.84,0.0,0,11865.68,2,0,NORMAL
TXN00066,U015,2026-07-14 23:53:00,740.05,Restaurant/Food,M-RF-03,NORMAL_WALLET,MERCHANT_PAYMENT,23,Tuesday,0,1,9344,4146.9,0.0,8870.43,12440.7,3,0,NORMAL
TXN00067,U007,2026-07-15 07:55:00,549.92,Restaurant/Food,M-RF-01,NORMAL_WALLET,MERCHANT_PAYMENT,7,Wednesday,0,1,743,4051.25,227.94,288.07,12153.75,3,0,NORMAL
TXN00068,U012,2026-07-15 08:43:00,6968.44,Rent,M-RT-02,FAMILY_PASS,MERCHANT_PAYMENT,8,Wednesday,0,0,4711,3869.45,9552.85,10575.72,23216.73,6,0,NORMAL
TXN00069,U006,2026-07-16 04:05:00,11784.92,Electricity,NEW-U006-03,PURPOSE_FUND,MERCHANT_PAYMENT,4,Thursday,0,1,4087,1605.24,2270.69,2545.02,4815.71,3,1,NEW_MERCHANT_HIGH_AMOUNT
TXN00070,U010,2026-07-16 06:25:00,4093.1,Education,M-ED-01,NORMAL_WALLET,MERCHANT_PAYMENT,6,Thursday,0,1,2236,7513.31,713.65,713.65,22539.93,3,1,HIGH_AMOUNT
TXN00071,U011,2026-07-16 09:11:00,57.79,Transport,M-TR-03,NORMAL_WALLET,MERCHANT_PAYMENT,9,Thursday,0,0,10764,869.31,271.22,0,3477.23,4,0,NORMAL
TXN00072,U006,2026-07-16 18:08:00,582.02,Grocery,M-GR-02,PURPOSE_FUND,MERCHANT_PAYMENT,18,Thursday,0,1,843,4150.16,1249.62,14329.94,16600.63,4,0,NORMAL
TXN00073,U010,2026-07-16 22:24:00,8007.63,Rent,M-RT-02,NORMAL_WALLET,MERCHANT_PAYMENT,22,Thursday,0,0,959,6658.26,7945.73,4806.75,26633.03,4,0,NORMAL
TXN00074,U003,2026-07-17 02:38:00,7918.32,Rent,M-RT-02,PURPOSE_FUND,MERCHANT_PAYMENT,2,Friday,0,1,4642,5149.35,10764.14,10764.14,15448.05,3,0,NORMAL
TXN00075,U011,2026-07-17 04:02:00,1898.42,Education,M-ED-02,NORMAL_WALLET,MERCHANT_PAYMENT,4,Friday,0,1,1131,707.0,0.0,57.79,3535.02,5,0,NORMAL
TXN00076,U010,2026-07-17 05:24:00,9292.65,Rent,M-RT-02,PURPOSE_FUND,MERCHANT_PAYMENT,5,Friday,0,0,420,6928.13,7976.68,12814.38,34640.66,5,0,NORMAL
TXN00077,U015,2026-07-17 12:51:00,1091.16,Shopping,M-SH-04,PURPOSE_FUND,MERCHANT_PAYMENT,12,Friday,0,1,3658,3295.19,0.0,740.05,13180.75,4,0,NORMAL
TXN00078,U014,2026-07-17 14:06:00,317.99,Medicine,M-MD-03,NORMAL_WALLET,MERCHANT_PAYMENT,14,Friday,0,0,6205,905.03,595.75,2408.88,5430.2,6,0,NORMAL
TXN00079,U014,2026-07-17 14:08:00,663.8,Transport,M-TR-02,PURPOSE_FUND,MERCHANT_PAYMENT,14,Friday,0,1,2,821.17,452.66,2726.87,5748.19,7,1,RAPID_REPEAT
TXN00080,U010,2026-07-17 15:33:00,242.68,Restaurant/Food,M-RF-03,NORMAL_WALLET,MERCHANT_PAYMENT,15,Friday,0,1,609,7322.22,0.0,22107.03,43933.31,6,0,NORMAL
TXN00081,U015,2026-07-17 17:34:00,1166.55,Electricity,M-EL-01,FAMILY_PASS,MERCHANT_PAYMENT,17,Friday,0,0,283,2854.38,8870.43,1831.21,14271.91,5,0,NORMAL
TXN00082,U013,2026-07-17 18:20:00,505.05,Grocery,M-GR-02,FAMILY_PASS,MERCHANT_PAYMENT,18,Friday,0,0,4647,1847.0,757.47,1896.28,14775.98,8,0,NORMAL
TXN00083,U001,2026-07-17 21:11:00,293.55,Transport,M-TR-03,PURPOSE_FUND,MERCHANT_PAYMENT,21,Friday,0,1,7178,1082.85,0.0,659.75,4331.39,4,0,NORMAL
TXN00084,U010,2026-07-17 23:51:00,439.97,Restaurant/Food,M-RF-04,NORMAL_WALLET,MERCHANT_PAYMENT,23,Friday,0,1,498,6310.86,242.68,22349.71,44175.99,7,0,NORMAL
TXN00085,U010,2026-07-18 06:36:00,1935.26,Education,M-ED-01,PURPOSE_FUND,MERCHANT_PAYMENT,6,Saturday,1,0,405,5576.99,2403.38,22789.68,44615.96,8,0,NORMAL
TXN00086,U006,2026-07-18 12:54:00,4343.73,Medicine,M-MD-02,PURPOSE_FUND,MERCHANT_PAYMENT,12,Saturday,1,1,2566,3436.53,0.0,13616.56,17182.65,5,1,CATEGORY_SPIKE
TXN00087,U009,2026-07-19 16:49:00,7917.64,Shopping,M-SH-02,NORMAL_WALLET,MERCHANT_PAYMENT,16,Sunday,1,1,10470,938.97,0.0,0,5633.83,6,1,HIGH_AMOUNT
TXN00088,U015,2026-07-19 18:32:00,1064.72,Medicine,M-MD-03,PURPOSE_FUND,MERCHANT_PAYMENT,18,Sunday,1,1,2938,2573.08,0.0,2997.76,15438.46,6,0,NORMAL
TXN00089,U010,2026-07-19 22:39:00,1399.12,Shopping,M-SH-04,PURPOSE_FUND,MERCHANT_PAYMENT,22,Sunday,1,1,2403,5172.36,13880.55,24724.94,46551.22,9,0,NORMAL
TXN00090,U011,2026-07-19 23:27:00,347.0,Restaurant/Food,M-RF-01,NORMAL_WALLET,MERCHANT_PAYMENT,23,Sunday,1,1,4045,905.57,0.0,1956.21,5433.44,6,0,NORMAL
TXN00091,U010,2026-07-20 03:17:00,868.55,Medicine,M-MD-03,NORMAL_WALLET,MERCHANT_PAYMENT,3,Monday,0,1,278,4795.03,0.0,26124.06,47950.34,10,0,NORMAL
TXN00092,U015,2026-07-20 10:22:00,1199.05,Education,M-ED-01,NORMAL_WALLET,MERCHANT_PAYMENT,10,Monday,0,0,950,2357.6,2790.14,4062.48,16503.18,7,0,NORMAL
TXN00093,U003,2026-07-20 13:06:00,1650.17,Shopping,M-SH-04,NORMAL_WALLET,MERCHANT_PAYMENT,13,Monday,0,1,4948,5841.59,3607.81,18682.46,23366.37,4,0,NORMAL
TXN00094,U015,2026-07-20 16:16:00,7580.67,Rent,M-RT-02,NORMAL_WALLET,MERCHANT_PAYMENT,16,Monday,0,1,354,2212.78,0.0,5261.53,17702.23,8,0,NORMAL
TXN00095,U001,2026-07-20 16:54:00,533.47,Education,M-ED-02,NORMAL_WALLET,MERCHANT_PAYMENT,16,Monday,0,1,4063,924.99,0.0,293.55,4624.94,5,0,NORMAL
TXN00096,U010,2026-07-20 17:31:00,1938.75,Education,M-ED-02,NORMAL_WALLET,MERCHANT_PAYMENT,17,Monday,0,0,854,4438.08,2247.34,26992.61,48818.89,11,0,NORMAL
TXN00097,U002,2026-07-21 00:16:00,636.77,Medicine,M-MD-03,NORMAL_WALLET,MERCHANT_PAYMENT,0,Tuesday,0,0,10138,796.12,480.09,0,3184.47,4,0,NORMAL
TXN00098,U005,2026-07-21 04:27:00,1772.75,Electricity,M-EL-01,PURPOSE_FUND,MERCHANT_PAYMENT,4,Tuesday,0,0,11926,3377.52,1313.96,0,30397.65,9,0,NORMAL
TXN00099,U001,2026-07-21 07:03:00,473.42,Education,M-ED-01,NORMAL_WALLET,MERCHANT_PAYMENT,7,Tuesday,0,1,849,859.74,533.47,827.02,5158.41,6,0,NORMAL
TXN00100,U005,2026-07-21 08:16:00,570.49,Electricity,M-EL-01,FAMILY_PASS,MERCHANT_PAYMENT,8,Tuesday,0,0,229,3217.04,1543.36,1772.75,32170.4,10,0,NORMAL
TXN00101,U015,2026-07-21 10:28:00,2847.49,Education,M-ED-01,FAMILY_PASS,MERCHANT_PAYMENT,10,Tuesday,0,0,1092,2809.21,1994.59,12842.2,25282.9,9,0,NORMAL
TXN00102,U013,2026-07-21 12:37:00,353.8,Medicine,M-MD-02,PURPOSE_FUND,MERCHANT_PAYMENT,12,Tuesday,0,0,5417,1697.89,435.6,713.77,15281.03,9,0,NORMAL
TXN00103,U001,2026-07-21 15:22:00,563.63,Electricity,M-EL-01,NORMAL_WALLET,MERCHANT_PAYMENT,15,Tuesday,0,0,499,804.55,1376.5,1300.44,5631.83,7,0,NORMAL
TXN00104,U011,2026-07-21 22:37:00,1380.05,Electricity,M-EL-01,NORMAL_WALLET,MERCHANT_PAYMENT,22,Tuesday,0,1,2830,825.78,0.0,2303.21,5780.44,7,0,NORMAL
TXN00105,U007,2026-07-21 23:39:00,5963.75,Rent,M-RT-02,PURPOSE_FUND,MERCHANT_PAYMENT,23,Tuesday,0,0,9584,3175.92,11637.74,549.92,12703.67,4,0,NORMAL
TXN00106,U005,2026-07-22 00:32:00,745.88,Education,M-ED-01,NORMAL_WALLET,MERCHANT_PAYMENT,0,Wednesday,0,1,976,2976.44,0.0,2343.24,32740.89,11,0,NORMAL
TXN00107,U015,2026-07-22 02:07:00,2192.42,Education,M-ED-01,NORMAL_WALLET,MERCHANT_PAYMENT,2,Wednesday,0,0,939,2813.04,2278.89,14949.64,28130.39,10,0,NORMAL
TXN00108,U011,2026-07-22 02:58:00,3426.32,Medicine,M-MD-02,PURPOSE_FUND,MERCHANT_PAYMENT,2,Wednesday,0,1,261,895.06,0.0,3683.26,7160.49,8,1,CATEGORY_SPIKE
TXN00109,U001,2026-07-22 04:29:00,30915.94,Rent,M-RT-02,PURPOSE_FUND,MERCHANT_PAYMENT,4,Wednesday,0,1,787,774.43,0.0,1864.07,6195.46,8,1,HIGH_AMOUNT
TXN00110,U015,2026-07-22 18:23:00,2521.49,Education,M-ED-01,PURPOSE_FUND,MERCHANT_PAYMENT,18,Wednesday,0,0,976,2756.62,2257.28,17142.06,30322.81,11,0,NORMAL
TXN00111,U007,2026-07-22 18:30:00,5883.19,Electricity,M-EL-01,NORMAL_WALLET,MERCHANT_PAYMENT,18,Wednesday,0,1,1131,3733.48,0.0,5963.75,18667.42,5,1,CATEGORY_SPIKE
TXN00112,U012,2026-07-22 19:47:00,12069.25,Rent,M-RT-01,NORMAL_WALLET,MERCHANT_PAYMENT,19,Wednesday,0,0,10744,4312.17,8691.38,0,30185.17,7,0,NORMAL
TXN00113,U012,2026-07-23 01:51:00,1752.19,Education,M-ED-01,FAMILY_PASS,MERCHANT_PAYMENT,1,Thursday,0,0,364,5281.8,1706.6,12069.25,42254.42,8,0,NORMAL
TXN00114,U003,2026-07-23 08:53:00,281.25,Medicine,M-MD-03,FAMILY_PASS,MERCHANT_PAYMENT,8,Thursday,0,1,4067,5003.31,0.0,9568.49,25016.54,5,0,NORMAL
TXN00115,U008,2026-07-23 12:28:00,714.69,Restaurant/Food,M-RF-03,NORMAL_WALLET,MERCHANT_PAYMENT,12,Thursday,0,1,15622,402.06,0.0,0,402.06,1,0,NORMAL
TXN00116,U007,2026-07-23 15:48:00,497.66,Medicine,M-MD-01,NORMAL_WALLET,MERCHANT_PAYMENT,15,Thursday,0,1,1278,4091.77,0.0,11846.94,24550.61,6,0,NORMAL
TXN00117,U005,2026-07-24 09:48:00,722.9,Grocery,M-GR-04,NORMAL_WALLET,MERCHANT_PAYMENT,9,Friday,0,1,3436,2790.56,0.0,3089.12,33486.77,12,0,NORMAL
TXN00118,U012,2026-07-24 10:34:00,9732.01,Electricity,NEW-U012-09,NORMAL_WALLET,MERCHANT_PAYMENT,10,Friday,0,1,1963,4889.62,0.0,13821.44,44006.61,9,1,NEW_MERCHANT_HIGH_AMOUNT
TXN00119,U006,2026-07-24 19:23:00,1806.13,Electricity,M-EL-01,NORMAL_WALLET,MERCHANT_PAYMENT,19,Friday,0,0,9029,3587.73,7027.81,4343.73,21526.38,6,0,NORMAL
TXN00120,U005,2026-07-24 23:56:00,8652.09,Education,M-ED-01,FAMILY_PASS,MERCHANT_PAYMENT,23,Friday,0,0,848,2631.51,745.88,3812.02,34209.67,13,1,HIGH_AMOUNT
TXN00121,U013,2026-07-25 02:07:00,730.52,Electricity,M-EL-01,NORMAL_WALLET,MERCHANT_PAYMENT,2,Saturday,1,0,5130,1563.48,779.93,353.8,15634.83,10,0,NORMAL
TXN00122,U005,2026-07-25 07:51:00,2863.73,Medicine,M-MD-03,NORMAL_WALLET,MERCHANT_PAYMENT,7,Saturday,1,0,475,3061.55,2141.76,12464.11,42861.76,14,1,HIGH_AMOUNT
TXN00123,U010,2026-07-25 10:55:00,396.71,Restaurant/Food,M-RF-04,NORMAL_WALLET,MERCHANT_PAYMENT,10,Saturday,1,0,6804,4229.8,341.33,4206.42,50757.64,12,0,NORMAL
TXN00124,U014,2026-07-26 00:39:00,1356.79,Transport,M-TR-01,NORMAL_WALLET,MERCHANT_PAYMENT,0,Sunday,1,1,12151,801.5,558.23,0,6411.99,8,1,CATEGORY_SPIKE
TXN00125,U007,2026-07-26 01:00:00,585.39,Medicine,M-MD-03,FAMILY_PASS,MERCHANT_PAYMENT,1,Sunday,1,1,3432,3578.32,497.66,12344.6,25048.27,7,0,NORMAL
TXN00126,U004,2026-07-26 04:24:00,990.28,Education,M-ED-01,NORMAL_WALLET,MERCHANT_PAYMENT,4,Sunday,1,1,17484,7334.68,0.0,0,14669.36,2,0,NORMAL
TXN00127,U015,2026-07-26 07:16:00,580.12,Shopping,M-SH-02,NORMAL_WALLET,MERCHANT_PAYMENT,7,Sunday,1,1,5093,2737.03,1091.16,17405.84,32844.3,12,0,NORMAL
TXN00128,U012,2026-07-26 07:29:00,685.26,Shopping,M-SH-01,FAMILY_PASS,MERCHANT_PAYMENT,7,Sunday,1,1,2695,5373.86,0.0,23553.45,53738.62,10,0,NORMAL
TXN00129,U007,2026-07-26 09:35:00,460.11,Restaurant/Food,M-RF-02,PURPOSE_FUND,MERCHANT_PAYMENT,9,Sunday,1,0,515,3204.21,388.93,12929.99,25633.66,8,0,NORMAL
TXN00130,U008,2026-07-26 11:17:00,1229.97,Electricity,M-EL-01,PURPOSE_FUND,MERCHANT_PAYMENT,11,Sunday,1,1,4249,558.38,0.0,714.69,1116.75,2,0,NORMAL
TXN00131,U008,2026-07-26 11:18:00,738.39,Transport,M-TR-01,NORMAL_WALLET,MERCHANT_PAYMENT,11,Sunday,1,1,1,782.24,402.06,1944.66,2346.72,3,1,RAPID_REPEAT
TXN00132,U001,2026-07-26 12:22:00,464.86,Medicine,M-MD-03,PURPOSE_FUND,MERCHANT_PAYMENT,12,Sunday,1,1,6233,4123.49,0.0,32486.46,37111.4,9,0,NORMAL
TXN00133,U009,2026-07-26 20:15:00,2063.91,Education,M-ED-02,NORMAL_WALLET,MERCHANT_PAYMENT,20,Sunday,1,1,10286,1935.92,0.0,0,13551.47,7,0,NORMAL
TXN00134,U005,2026-07-27 01:25:00,793.43,Restaurant/Food,M-RF-04,NORMAL_WALLET,MERCHANT_PAYMENT,1,Monday,0,1,2494,3048.37,179.4,15327.84,45725.49,15,1,UNUSUAL_HOUR
TXN00135,U013,2026-07-27 01:38:00,4193.14,Shopping,M-SH-04,PURPOSE_FUND,MERCHANT_PAYMENT,1,Monday,0,1,2851,1487.76,5773.39,1084.32,16365.35,11,1,UNUSUAL_HOUR
TXN00136,U006,2026-07-27 01:54:00,764.85,Restaurant/Food,M-RF-02,PURPOSE_FUND,MERCHANT_PAYMENT,1,Monday,0,1,3271,3333.22,0.0,1806.13,23332.51,7,0,NORMAL
TXN00137,U013,2026-07-27 02:53:00,305.49,Shopping,M-SH-04,NORMAL_WALLET,MERCHANT_PAYMENT,2,Monday,0,0,75,1713.21,5246.64,5277.46,20558.49,12,0,NORMAL
TXN00138,U009,2026-07-27 09:54:00,1478.43,Grocery,M-GR-03,FAMILY_PASS,MERCHANT_PAYMENT,9,Monday,0,0,819,1951.92,664.71,2063.91,15615.38,8,0,NORMAL
TXN00139,U004,2026-07-27 15:57:00,9453.31,Rent,M-RT-01,NORMAL_WALLET,MERCHANT_PAYMENT,15,Monday,0,0,2133,5219.88,14245.11,990.28,15659.64,3,0,NORMAL
TXN00140,U013,2026-07-28 05:21:00,1302.52,Grocery,M-GR-03,PURPOSE_FUND,MERCHANT_PAYMENT,5,Tuesday,0,1,1588,1604.92,631.26,5582.95,20863.98,13,1,HIGH_AMOUNT
TXN00141,U004,2026-07-28 09:13:00,706.05,Medicine,M-MD-01,FAMILY_PASS,MERCHANT_PAYMENT,9,Tuesday,0,1,1036,6278.24,0.0,10443.59,25112.95,4,0,NORMAL
TXN00142,U015,2026-07-28 11:37:00,1205.25,Education,M-ED-02,NORMAL_WALLET,MERCHANT_PAYMENT,11,Tuesday,0,1,3141,2571.11,2310.12,5294.03,33424.42,13,0,NORMAL
TXN00143,U006,2026-07-28 16:59:00,2912.11,Transport,M-TR-02,FAMILY_PASS,MERCHANT_PAYMENT,16,Tuesday,0,1,2345,3012.17,0.0,2570.98,24097.36,8,1,CATEGORY_SPIKE
TXN00144,U001,2026-07-29 03:46:00,903.22,Grocery,M-GR-01,NORMAL_WALLET,MERCHANT_PAYMENT,3,Wednesday,0,1,3804,3757.63,789.19,31380.8,37576.26,10,0,NORMAL
TXN00145,U003,2026-07-29 04:25:00,737.6,Medicine,M-MD-03,FAMILY_PASS,MERCHANT_PAYMENT,4,Wednesday,0,0,8372,4216.3,281.25,281.25,25297.79,6,0,NORMAL
TXN00146,U007,2026-07-29 06:22:00,716.25,Grocery,M-GR-02,NORMAL_WALLET,MERCHANT_PAYMENT,6,Wednesday,0,1,4127,2899.31,288.07,7426.35,26093.77,9,0,NORMAL
TXN00147,U010,2026-07-29 09:48:00,2247.33,Education,M-ED-01,NORMAL_WALLET,MERCHANT_PAYMENT,9,Wednesday,0,0,5693,3934.95,2170.19,396.71,51154.35,13,0,NORMAL
TXN00148,U010,2026-07-29 10:02:00,5423.6,Rent,M-RT-02,FAMILY_PASS,MERCHANT_PAYMENT,10,Wednesday,0,0,14,3814.41,8415.34,2644.04,53401.68,14,0,NORMAL
TXN00149,U012,2026-07-29 23:17:00,429.56,Transport,M-TR-03,NORMAL_WALLET,MERCHANT_PAYMENT,23,Wednesday,0,1,5268,4947.63,411.57,12169.46,54423.88,11,0,NORMAL
TXN00150,U001,2026-07-30 03:00:00,345.8,Medicine,M-MD-01,FAMILY_PASS,MERCHANT_PAYMENT,3,Thursday,0,1,1394,3498.13,464.86,1368.08,38479.48,11,0,NORMAL
TXN00151,U006,2026-07-30 05:34:00,4673.49,Grocery,NEW-U006-09,NORMAL_WALLET,MERCHANT_PAYMENT,5,Thursday,0,1,2195,3001.05,915.82,5483.09,27009.47,9,1,NEW_MERCHANT_HIGH_AMOUNT
TXN00152,U014,2026-07-30 06:33:00,189.7,Medicine,M-MD-03,NORMAL_WALLET,MERCHANT_PAYMENT,6,Thursday,0,0,6114,863.2,503.17,1356.79,7768.78,9,0,NORMAL
TXN00153,U002,2026-07-30 07:32:00,181.27,Medicine,M-MD-02,PURPOSE_FUND,MERCHANT_PAYMENT,7,Thursday,0,0,13396,764.25,532.32,0,3821.24,5,0,NORMAL
TXN00154,U001,2026-07-30 10:58:00,6064.4,Electricity,NEW-U001-12,FAMILY_PASS,MERCHANT_PAYMENT,10,Thursday,0,1,478,3235.44,1105.55,1713.88,38825.28,12,1,NEW_MERCHANT_HIGH_AMOUNT
TXN00155,U015,2026-07-30 12:40:00,637.45,Grocery,M-GR-04,PURPOSE_FUND,MERCHANT_PAYMENT,12,Thursday,0,1,2943,2473.55,780.13,1785.37,34629.67,14,0,NORMAL
TXN00156,U002,2026-07-30 21:58:00,811.95,Electricity,M-EL-01,NORMAL_WALLET,MERCHANT_PAYMENT,21,Thursday,0,0,866,667.09,680.82,181.27,4002.51,6,0,NORMAL
TXN00157,U012,2026-07-31 03:47:00,7850.6,Education,NEW-U012-12,NORMAL_WALLET,MERCHANT_PAYMENT,3,Friday,0,1,1710,4571.12,1729.39,10846.83,54853.44,12,1,NEW_MERCHANT_HIGH_AMOUNT
TXN00158,U012,2026-07-31 17:06:00,2903.91,Education,M-ED-02,NORMAL_WALLET,MERCHANT_PAYMENT,17,Friday,0,1,799,4823.39,3769.8,8965.42,62704.04,13,0,NORMAL
TXN00159,U012,2026-07-31 17:28:00,432.35,Medicine,M-MD-03,NORMAL_WALLET,MERCHANT_PAYMENT,17,Friday,0,1,22,4686.28,0.0,11869.33,65607.95,14,0,NORMAL
TXN00160,U011,2026-07-31 18:44:00,108.98,Transport,M-TR-02,NORMAL_WALLET,MERCHANT_PAYMENT,18,Friday,0,1,13906,1176.31,200.08,0,10586.81,9,0,NORMAL
TXN00161,U011,2026-07-31 22:54:00,964.62,Electricity,M-EL-01,NORMAL_WALLET,MERCHANT_PAYMENT,22,Friday,0,0,250,1069.58,1380.05,108.98,10695.79,10,0,NORMAL
TXN00162,U006,2026-08-01 17:55:00,8734.27,Rent,M-RT-02,NORMAL_WALLET,MERCHANT_PAYMENT,17,Saturday,1,1,3621,3168.3,0.0,8350.45,31682.96,10,0,NORMAL
TXN00163,U007,2026-08-01 18:20:00,6474.97,Rent,M-RT-01,PURPOSE_FUND,MERCHANT_PAYMENT,18,Saturday,1,1,5038,2681.0,8800.74,1761.75,26810.02,10,0,NORMAL
TXN00164,U008,2026-08-01 20:38:00,1345.68,Shopping,M-SH-03,NORMAL_WALLET,MERCHANT_PAYMENT,20,Saturday,1,1,9200,771.28,0.0,1968.36,3085.11,4,0,NORMAL
TXN00165,U014,2026-08-01 23:04:00,141.13,Medicine,M-MD-02,NORMAL_WALLET,MERCHANT_PAYMENT,23,Saturday,1,0,3871,795.85,424.8,1546.49,7958.48,10,0,NORMAL
TXN00166,U005,2026-08-02 01:17:00,14271.83,Education,M-ED-02,NORMAL_WALLET,MERCHANT_PAYMENT,1,Sunday,1,1,8632,2907.43,4698.98,793.43,39967.06,16,1,HIGH_AMOUNT
TXN00167,U005,2026-08-02 02:23:00,1190.38,Education,M-ED-02,NORMAL_WALLET,MERCHANT_PAYMENT,2,Sunday,1,0,66,3575.93,7889.93,15065.26,54238.89,17,0,NORMAL
TXN00168,U009,2026-08-02 05:10:00,1776.04,Education,M-ED-01,NORMAL_WALLET,MERCHANT_PAYMENT,5,Sunday,1,1,8356,1899.31,2063.91,3542.34,17093.81,9,0,NORMAL
TXN00169,U013,2026-08-02 07:01:00,909.6,Education,M-ED-01,NORMAL_WALLET,MERCHANT_PAYMENT,7,Sunday,1,1,7300,1583.32,0.0,5801.15,21781.5,14,0,NORMAL
TXN00170,U012,2026-08-02 07:24:00,1018.81,Transport,M-TR-02,FAMILY_PASS,MERCHANT_PAYMENT,7,Sunday,1,0,2276,4402.69,420.56,12301.68,66040.3,15,1,HIGH_AMOUNT
TXN00171,U003,2026-08-02 09:33:00,225.21,Medicine,M-MD-01,NORMAL_WALLET,MERCHANT_PAYMENT,9,Sunday,1,1,6068,3719.34,509.43,737.6,26035.39,7,0,NORMAL
TXN00172,U002,2026-08-02 13:33:00,958.11,Electricity,M-EL-01,NORMAL_WALLET,MERCHANT_PAYMENT,13,Sunday,1,0,3815,687.78,746.38,993.22,4814.46,7,0,NORMAL
TXN00173,U013,2026-08-02 15:20:00,362.5,Restaurant/Food,M-RF-01,NORMAL_WALLET,MERCHANT_PAYMENT,15,Sunday,1,1,499,1538.41,385.0,6710.75,22691.1,15,0,NORMAL
TXN00174,U001,2026-08-02 20:32:00,245.91,Medicine,M-MD-01,NORMAL_WALLET,MERCHANT_PAYMENT,20,Sunday,1,0,4894,3453.05,405.33,7313.42,42136.67,13,0,NORMAL
TXN00175,U002,2026-08-02 23:38:00,402.19,Transport,M-TR-01,PURPOSE_FUND,MERCHANT_PAYMENT,23,Sunday,1,1,605,721.57,0.0,1951.33,5772.57,8,0,NORMAL
TXN00176,U007,2026-08-04 00:31:00,1676.0,Grocery,M-GR-02,PURPOSE_FUND,MERCHANT_PAYMENT,0,Tuesday,0,0,3251,3025.91,502.16,7191.22,33284.99,11,1,UNUSUAL_HOUR
TXN00177,U010,2026-08-04 10:43:00,3731.93,Rent,M-RT-01,NORMAL_WALLET,MERCHANT_PAYMENT,10,Tuesday,0,1,8681,3921.69,7667.4,7670.93,50879.55,15,0,NORMAL
TXN00178,U014,2026-08-04 13:06:00,159.58,Restaurant/Food,M-RF-02,NORMAL_WALLET,MERCHANT_PAYMENT,13,Tuesday,0,1,3722,736.33,0.0,330.83,8099.61,11,0,NORMAL
TXN00179,U013,2026-08-04 14:24:00,855.96,Shopping,M-SH-04,NORMAL_WALLET,MERCHANT_PAYMENT,14,Tuesday,0,0,2824,1464.91,4011.36,1272.1,12193.21,16,0,NORMAL
TXN00180,U004,2026-08-04 16:14:00,7707.45,Rent,M-RT-02,FAMILY_PASS,MERCHANT_PAYMENT,16,Tuesday,0,1,10501,5163.8,11849.21,0,25394.75,5,0,NORMAL
TXN00181,U004,2026-08-05 00:48:00,1840.65,Medicine,M-MD-01,PURPOSE_FUND,MERCHANT_PAYMENT,0,Wednesday,0,0,514,5587.74,706.05,7707.45,33102.2,6,1,UNUSUAL_HOUR
TXN00182,U008,2026-08-05 08:00:00,604.23,Shopping,M-SH-01,FAMILY_PASS,MERCHANT_PAYMENT,8,Wednesday,0,1,5002,886.16,1345.68,1345.68,4430.79,5,0,NORMAL
TXN00183,U014,2026-08-05 10:11:00,1157.59,Electricity,M-EL-01,NORMAL_WALLET,MERCHANT_PAYMENT,10,Wednesday,0,0,1265,688.27,978.11,490.41,8259.19,12,0,NORMAL
TXN00184,U002,2026-08-05 11:47:00,846.27,Electricity,M-EL-01,PURPOSE_FUND,MERCHANT_PAYMENT,11,Wednesday,0,0,3609,686.08,816.96,2353.52,4064.7,9,0,NORMAL
TXN00185,U015,2026-08-06 11:54:00,10088.21,Education,M-ED-02,NORMAL_WALLET,MERCHANT_PAYMENT,11,Thursday,0,0,10034,2351.14,2125.97,637.45,31696.85,15,1,HIGH_AMOUNT
TXN00186,U001,2026-08-06 13:03:00,4817.9,Medicine,NEW-U001-14,NORMAL_WALLET,MERCHANT_PAYMENT,13,Thursday,0,1,5311,3223.97,352.19,245.91,42382.58,14,1,NEW_MERCHANT_HIGH_AMOUNT
TXN00187,U014,2026-08-06 13:55:00,7735.7,Rent,M-RT-01,NORMAL_WALLET,MERCHANT_PAYMENT,13,Thursday,0,1,1664,724.37,0.0,1458.3,6395.46,13,0,NORMAL
TXN00188,U002,2026-08-06 15:56:00,112.93,Medicine,M-MD-02,PURPOSE_FUND,MERCHANT_PAYMENT,15,Thursday,0,0,1689,702.1,444.56,3018.52,4910.97,10,0,NORMAL
TXN00189,U015,2026-08-06 16:43:00,608.74,Medicine,M-MD-01,PURPOSE_FUND,MERCHANT_PAYMENT,16,Thursday,0,1,289,2834.71,1064.72,10088.21,41785.06,16,0,NORMAL
TXN00190,U007,2026-08-06 18:35:00,718.05,Electricity,M-EL-01,NORMAL_WALLET,MERCHANT_PAYMENT,18,Thursday,0,0,3964,2913.42,5883.19,8150.97,23095.31,12,0,NORMAL
TXN00191,U014,2026-08-06 20:59:00,1325.64,Electricity,M-EL-01,PURPOSE_FUND,MERCHANT_PAYMENT,20,Thursday,0,0,424,1225.18,1037.94,9194.0,14131.16,14,0,NORMAL
TXN00192,U013,2026-08-07 00:12:00,470.58,Medicine,M-MD-02,FAMILY_PASS,MERCHANT_PAYMENT,0,Friday,0,0,3468,1429.09,415.15,2128.06,12881.19,17,0,NORMAL
TXN00193,U015,2026-08-07 01:07:00,2622.08,Shopping,M-SH-02,PURPOSE_FUND,MERCHANT_PAYMENT,1,Friday,0,0,504,2703.77,835.64,10696.95,42393.8,17,0,NORMAL
TXN00194,U008,2026-08-08 01:36:00,974.34,Shopping,M-SH-04,PURPOSE_FUND,MERCHANT_PAYMENT,1,Saturday,1,1,3936,839.17,974.96,1949.91,5035.02,6,0,NORMAL
TXN00195,U008,2026-08-08 01:53:00,11519.47,Rent,M-RT-01,NORMAL_WALLET,MERCHANT_PAYMENT,1,Saturday,1,1,17,858.48,0.0,2924.25,6009.36,7,0,NORMAL
TXN00196,U015,2026-08-08 03:25:00,3210.2,Education,M-ED-02,NORMAL_WALLET,MERCHANT_PAYMENT,3,Saturday,1,0,1578,2699.23,3263.44,13319.03,36145.45,18,0,NORMAL
TXN00197,U014,2026-08-08 19:34:00,644.86,Medicine,M-MD-02,NORMAL_WALLET,MERCHANT_PAYMENT,19,Saturday,1,0,2795,1231.87,368.07,10519.64,15456.8,15,0,NORMAL
TXN00198,U007,2026-08-09 09:28:00,3932.15,Grocery,M-GR-02,NORMAL_WALLET,MERCHANT_PAYMENT,9,Sunday,1,0,3773,2744.54,893.44,2394.05,23813.36,13,1,HIGH_AMOUNT
TXN00199,U009,2026-08-09 21:15:00,426.31,Transport,M-TR-01,NORMAL_WALLET,MERCHANT_PAYMENT,21,Sunday,1,1,11045,1886.98,0.0,0,14537.95,10,0,NORMAL
TXN00200,U011,2026-08-10 02:05:00,1418.16,Shopping,M-SH-02,FAMILY_PASS,MERCHANT_PAYMENT,2,Monday,0,1,13151,1060.04,1467.39,0,8183.18,11,1,UNUSUAL_HOUR
TXN00201,U011,2026-08-10 02:49:00,4254.7,Rent,M-RT-01,NORMAL_WALLET,MERCHANT_PAYMENT,2,Monday,0,1,44,1089.88,0.0,1418.16,9601.34,12,0,NORMAL
TXN00202,U013,2026-08-10 03:59:00,269.61,Medicine,M-MD-01,PURPOSE_FUND,MERCHANT_PAYMENT,3,Monday,0,0,4547,1375.84,426.23,1326.54,11885.44,18,0,NORMAL
TXN00203,U001,2026-08-10 06:13:00,89.62,Transport,M-TR-01,PURPOSE_FUND,MERCHANT_PAYMENT,6,Monday,0,1,5350,3330.23,293.55,4817.9,46281.85,15,0,NORMAL
TXN00204,U009,2026-08-10 13:45:00,1709.02,Electricity,M-EL-01,NORMAL_WALLET,MERCHANT_PAYMENT,13,Monday,0,0,990,1754.2,2432.24,426.31,14964.26,11,0,NORMAL
TXN00205,U005,2026-08-10 15:57:00,285.03,Grocery,M-GR-03,PURPOSE_FUND,MERCHANT_PAYMENT,15,Monday,0,1,12334,3443.4,722.9,0,39050.35,18,0,NORMAL
TXN00206,U002,2026-08-10 19:49:00,358.19,Transport,M-TR-03,PURPOSE_FUND,MERCHANT_PAYMENT,19,Monday,0,1,5993,648.54,402.19,959.2,4630.31,11,0,NORMAL
TXN00207,U002,2026-08-10 21:58:00,371.7,Medicine,M-MD-01,PURPOSE_FUND,MERCHANT_PAYMENT,21,Monday,0,1,129,624.35,378.23,1317.39,4988.5,12,0,NORMAL
TXN00208,U011,2026-08-11 06:21:00,322.54,Transport,M-TR-02,PURPOSE_FUND,MERCHANT_PAYMENT,6,Tuesday,0,0,1652,1333.33,177.3,5672.86,13856.04,13,0,NORMAL
TXN00209,U008,2026-08-11 06:27:00,928.43,Medicine,M-MD-03,NORMAL_WALLET,MERCHANT_PAYMENT,6,Tuesday,0,1,4594,2191.1,0.0,13098.04,17528.83,8,0,NORMAL
TXN00210,U002,2026-08-11 18:22:00,1107.1,Electricity,M-EL-01,FAMILY_PASS,MERCHANT_PAYMENT,18,Tuesday,0,0,1224,604.91,824.29,1689.09,5360.2,13,0,NORMAL
TXN00211,U013,2026-08-12 16:20:00,574.77,Grocery,M-GR-03,PURPOSE_FUND,MERCHANT_PAYMENT,16,Wednesday,0,0,3621,1317.62,855.01,740.19,10467.49,19,0,NORMAL
TXN00212,U004,2026-08-12 20:26:00,870.64,Restaurant/Food,M-RF-01,NORMAL_WALLET,MERCHANT_PAYMENT,20,Wednesday,0,1,11258,5052.44,424.25,0,34942.85,7,0,NORMAL
TXN00213,U009,2026-08-12 23:04:00,2163.49,Shopping,M-SH-02,PURPOSE_FUND,MERCHANT_PAYMENT,23,Wednesday,0,0,3439,1750.43,7917.64,2135.33,15371.35,12,0,NORMAL
TXN00214,U009,2026-08-12 23:50:00,822.51,Grocery,M-GR-01,NORMAL_WALLET,MERCHANT_PAYMENT,23,Wednesday,0,0,46,1782.21,868.14,4298.82,17534.84,13,0,NORMAL
TXN00215,U015,2026-08-13 00:34:00,739.37,Restaurant/Food,M-RF-04,NORMAL_WALLET,MERCHANT_PAYMENT,0,Thursday,0,1,7029,2726.12,740.05,16529.23,39355.65,19,0,NORMAL
TXN00216,U002,2026-08-13 10:19:00,2209.2,Medicine,NEW-U002-14,PURPOSE_FUND,MERCHANT_PAYMENT,10,Thursday,0,1,2397,640.78,377.14,1949.92,5786.48,14,1,NEW_MERCHANT_HIGH_AMOUNT
TXN00217,U009,2026-08-13 11:02:00,1009.86,Grocery,M-GR-01,NORMAL_WALLET,MERCHANT_PAYMENT,11,Thursday,0,0,672,1713.66,859.01,5121.33,18357.35,14,0,NORMAL
TXN00218,U005,2026-08-13 15:32:00,823.24,Electricity,M-EL-01,FAMILY_PASS,MERCHANT_PAYMENT,15,Thursday,0,0,4295,3277.17,1219.07,285.03,31868.51,19,0,NORMAL
TXN00219,U004,2026-08-13 19:21:00,4248.88,Grocery,M-GR-04,PURPOSE_FUND,MERCHANT_PAYMENT,19,Thursday,0,1,1375,4529.72,0.0,870.64,21568.38,8,1,CATEGORY_SPIKE
TXN00220,U004,2026-08-14 16:52:00,826.45,Medicine,M-MD-02,PURPOSE_FUND,MERCHANT_PAYMENT,16,Friday,0,1,1291,4498.51,1273.35,5119.52,25817.26,9,0,NORMAL
TXN00221,U003,2026-08-14 17:27:00,4569.31,Rent,M-RT-01,PURPOSE_FUND,MERCHANT_PAYMENT,17,Friday,0,0,17754,3282.57,9341.23,0,10812.55,8,0,NORMAL
TXN00222,U009,2026-08-14 21:15:00,883.3,Grocery,M-GR-04,NORMAL_WALLET,MERCHANT_PAYMENT,21,Friday,0,1,2053,1666.74,884.15,6131.19,19367.21,15,0,NORMAL
TXN00223,U003,2026-08-15 00:35:00,940.97,Medicine,M-MD-01,PURPOSE_FUND,MERCHANT_PAYMENT,0,Saturday,1,0,428,3425.55,414.69,4569.31,15381.86,9,0,NORMAL
TXN00224,U010,2026-08-15 04:45:00,1248.86,Electricity,M-EL-01,NORMAL_WALLET,MERCHANT_PAYMENT,4,Saturday,1,1,15482,3909.83,0.0,0,40017.28,16,0,NORMAL
TXN00225,U008,2026-08-15 05:03:00,2506.85,Shopping,M-SH-02,PURPOSE_FUND,MERCHANT_PAYMENT,5,Saturday,1,1,5676,2050.81,974.75,928.43,18055.2,9,0,NORMAL
TXN00226,U011,2026-08-15 09:28:00,790.85,Electricity,M-EL-01,NORMAL_WALLET,MERCHANT_PAYMENT,9,Saturday,1,0,5947,1261.13,1172.34,5995.4,14120.79,14,0,NORMAL
TXN00227,U006,2026-08-15 10:24:00,851.03,Education,M-ED-02,PURPOSE_FUND,MERCHANT_PAYMENT,10,Saturday,1,1,19709,3674.29,1295.4,0,23816.6,11,0,NORMAL
TXN00228,U002,2026-08-15 12:15:00,1124.94,Electricity,M-EL-01,FAMILY_PASS,MERCHANT_PAYMENT,12,Saturday,1,0,2996,745.34,880.85,4046.19,7995.68,15,0,NORMAL
TXN00229,U014,2026-08-15 18:02:00,147.09,Restaurant/Food,M-RF-01,NORMAL_WALLET,MERCHANT_PAYMENT,18,Saturday,1,1,9988,1195.19,159.58,644.86,13692.78,16,0,NORMAL
TXN00230,U007,2026-08-15 18:34:00,802.18,Shopping,M-SH-03,NORMAL_WALLET,MERCHANT_PAYMENT,18,Saturday,1,1,9186,2829.37,0.0,3932.15,26907.52,14,0,NORMAL
TXN00231,U005,2026-08-15 23:07:00,1263.06,Shopping,M-SH-03,NORMAL_WALLET,MERCHANT_PAYMENT,23,Saturday,1,1,3335,3154.47,2712.17,1108.27,32691.75,20,0,NORMAL
TXN00232,U001,2026-08-16 02:26:00,65.79,Transport,M-TR-03,FAMILY_PASS,MERCHANT_PAYMENT,2,Sunday,1,0,8413,3127.69,191.59,89.62,45711.72,16,0,NORMAL
TXN00233,U006,2026-08-16 04:00:00,2537.51,Medicine,M-MD-01,PURPOSE_FUND,MERCHANT_PAYMENT,4,Sunday,1,1,1056,3439.02,4343.73,851.03,24085.61,12,1,UNUSUAL_HOUR
TXN00234,U012,2026-08-16 18:37:00,368.13,Medicine,M-MD-03,PURPOSE_FUND,MERCHANT_PAYMENT,18,Sunday,1,0,20833,4191.19,432.35,0,36873.94,16,0,NORMAL
TXN00235,U015,2026-08-16 22:00:00,609.54,Medicine,M-MD-02,NORMAL_WALLET,MERCHANT_PAYMENT,22,Sunday,1,1,5606,2626.79,836.73,739.37,37097.26,20,0,NORMAL
TXN00236,U012,2026-08-17 00:43:00,10509.58,Rent,M-RT-01,FAMILY_PASS,MERCHANT_PAYMENT,0,Monday,0,0,366,3966.31,9535.85,368.13,37242.07,17,1,UNUSUAL_HOUR
TXN00237,U007,2026-08-17 17:13:00,3205.9,Education,M-ED-01,NORMAL_WALLET,MERCHANT_PAYMENT,17,Monday,0,1,2799,2694.22,0.0,802.18,27709.7,15,1,HIGH_AMOUNT
TXN00238,U007,2026-08-17 23:43:00,1475.83,Education,M-ED-02,FAMILY_PASS,MERCHANT_PAYMENT,23,Monday,0,1,390,2726.2,3205.9,4008.08,30915.6,16,0,NORMAL
TXN00239,U011,2026-08-18 04:15:00,295.46,Medicine,M-MD-01,NORMAL_WALLET,MERCHANT_PAYMENT,4,Tuesday,0,1,4007,1229.78,3426.32,1113.39,13013.22,15,0,NORMAL
TXN00240,U012,2026-08-18 04:50:00,3554.24,Education,M-ED-01,NORMAL_WALLET,MERCHANT_PAYMENT,4,Tuesday,0,0,1687,4329.82,3553.32,10877.71,47751.65,18,0,NORMAL
TXN00241,U015,2026-08-18 05:02:00,1056.14,Medicine,M-MD-03,PURPOSE_FUND,MERCHANT_PAYMENT,5,Tuesday,0,0,1862,2530.73,761.0,1348.91,37706.8,21,0,NORMAL
TXN00242,U001,2026-08-18 06:45:00,717.92,Grocery,M-GR-01,PURPOSE_FUND,MERCHANT_PAYMENT,6,Tuesday,0,0,3139,2947.58,827.2,65.79,45483.96,17,0,NORMAL
TXN00243,U008,2026-08-18 11:00:00,11950.65,Rent,M-RT-01,PURPOSE_FUND,MERCHANT_PAYMENT,11,Tuesday,0,0,4677,2096.41,11519.47,2506.85,20562.05,10,0,NORMAL
TXN00244,U005,2026-08-18 15:24:00,1492.72,Education,M-ED-02,FAMILY_PASS,MERCHANT_PAYMENT,15,Tuesday,0,0,3857,3064.4,6215.05,2086.3,33954.81,21,0,NORMAL
TXN00245,U002,2026-08-18 21:41:00,111.96,Transport,M-TR-03,NORMAL_WALLET,MERCHANT_PAYMENT,21,Tuesday,0,0,4886,769.07,380.19,3334.14,9120.62,16,0,NORMAL
TXN00246,U001,2026-08-18 21:46:00,362.59,Grocery,M-GR-02,PURPOSE_FUND,MERCHANT_PAYMENT,21,Tuesday,0,0,901,2823.71,799.88,783.71,46201.88,18,0,NORMAL
TXN00247,U004,2026-08-18 23:17:00,2000.12,Electricity,M-EL-01,PURPOSE_FUND,MERCHANT_PAYMENT,23,Tuesday,0,1,6145,4131.31,0.0,5945.97,26643.71,10,0,NORMAL
TXN00248,U011,2026-08-19 02:25:00,992.95,Grocery,M-GR-04,NORMAL_WALLET,MERCHANT_PAYMENT,2,Wednesday,0,1,1330,1171.38,0.0,1086.31,12961.68,16,0,NORMAL
TXN00249,U010,2026-08-19 02:47:00,6261.97,Rent,M-RT-02,NORMAL_WALLET,MERCHANT_PAYMENT,2,Wednesday,0,0,5642,3753.3,6880.31,1248.86,15855.73,17,0,NORMAL
TXN00250,U003,2026-08-19 04:38:00,121.66,Transport,M-TR-02,NORMAL_WALLET,MERCHANT_PAYMENT,4,Wednesday,0,1,6003,3177.09,0.0,5510.28,8404.51,10,0,NORMAL
TXN00251,U003,2026-08-19 04:40:00,650.02,Transport,M-TR-01,NORMAL_WALLET,MERCHANT_PAYMENT,4,Wednesday,0,1,2,2899.32,121.66,5631.94,8526.17,11,1,RAPID_REPEAT
TXN00252,U012,2026-08-19 06:14:00,4764.35,Medicine,M-MD-03,NORMAL_WALLET,MERCHANT_PAYMENT,6,Wednesday,0,0,1524,4289.0,400.24,14431.95,51305.89,19,1,CATEGORY_SPIKE
TXN00253,U012,2026-08-19 06:15:00,2768.39,Electricity,M-EL-01,NORMAL_WALLET,MERCHANT_PAYMENT,6,Wednesday,0,1,1,4312.77,9732.01,19196.3,56070.24,20,1,RAPID_REPEAT
TXN00254,U014,2026-08-19 09:06:00,560.25,Medicine,M-MD-02,NORMAL_WALLET,MERCHANT_PAYMENT,9,Wednesday,0,0,5224,1133.53,414.2,147.09,12858.08,17,0,NORMAL
TXN00255,U010,2026-08-19 10:37:00,652.75,Shopping,M-SH-02,NORMAL_WALLET,MERCHANT_PAYMENT,10,Wednesday,0,0,470,3892.67,7639.83,7510.83,21249.15,18,0,NORMAL
TXN00256,U004,2026-08-20 02:12:00,1177.84,Restaurant/Food,M-RF-04,PURPOSE_FUND,MERCHANT_PAYMENT,2,Thursday,0,0,1615,3937.56,647.44,7075.45,28643.83,11,1,UNUSUAL_HOUR
TXN00257,U008,2026-08-20 02:45:00,1506.13,Electricity,M-EL-01,PURPOSE_FUND,MERCHANT_PAYMENT,2,Thursday,0,0,2385,2992.25,1229.97,14457.5,32512.7,11,0,NORMAL
TXN00258,U014,2026-08-20 05:01:00,239.51,Medicine,M-MD-03,FAMILY_PASS,MERCHANT_PAYMENT,5,Thursday,0,0,1195,1101.68,435.06,707.34,13418.33,18,0,NORMAL
TXN00259,U011,2026-08-20 08:51:00,624.86,Electricity,M-EL-01,NORMAL_WALLET,MERCHANT_PAYMENT,8,Thursday,0,0,1826,1160.89,1045.17,2079.26,13954.63,17,0,NORMAL
TXN00260,U009,2026-08-20 10:09:00,1735.43,Electricity,M-EL-01,NORMAL_WALLET,MERCHANT_PAYMENT,10,Thursday,0,0,7974,1617.77,2070.63,1893.16,12332.87,16,0,NORMAL
TXN00261,U004,2026-08-20 14:56:00,488.47,Medicine,M-MD-02,FAMILY_PASS,MERCHANT_PAYMENT,14,Thursday,0,0,764,3707.59,1124.38,8253.29,29821.67,12,0,NORMAL
TXN00262,U005,2026-08-20 19:25:00,1426.29,Education,M-ED-01,NORMAL_WALLET,MERCHANT_PAYMENT,19,Thursday,0,0,3121,2992.96,5270.58,2755.78,33104.29,22,0,NORMAL
TXN00263,U002,2026-08-21 01:14:00,117.61,Transport,M-TR-03,NORMAL_WALLET,MERCHANT_PAYMENT,1,Friday,0,0,3093,730.41,290.78,1236.9,8595.81,17,0,NORMAL
TXN00264,U007,2026-08-21 01:36:00,814.59,Education,M-ED-02,NORMAL_WALLET,MERCHANT_PAYMENT,1,Friday,0,0,4433,2652.65,2340.86,5483.91,26427.68,17,0,NORMAL
TXN00265,U003,2026-08-21 02:39:00,293.35,Transport,M-TR-03,NORMAL_WALLET,MERCHANT_PAYMENT,2,Friday,0,1,2759,2711.88,385.84,6281.96,7526.02,12,0,NORMAL
TXN00266,U008,2026-08-21 02:59:00,644.06,Medicine,M-MD-01,NORMAL_WALLET,MERCHANT_PAYMENT,2,Friday,0,1,1454,2868.41,928.43,15963.63,34018.83,12,0,NORMAL
TXN00267,U002,2026-08-21 03:30:00,995.61,Education,M-ED-01,NORMAL_WALLET,MERCHANT_PAYMENT,3,Friday,0,0,136,696.37,1543.47,1354.51,8713.42,18,0,NORMAL
TXN00268,U015,2026-08-21 19:09:00,310.1,Medicine,M-MD-02,NORMAL_WALLET,MERCHANT_PAYMENT,19,Friday,0,0,5167,2463.7,834.79,1665.68,21357.1,22,0,NORMAL
TXN00269,U004,2026-08-21 19:44:00,1869.38,Shopping,M-SH-01,FAMILY_PASS,MERCHANT_PAYMENT,19,Friday,0,1,1728,3459.96,0.0,3666.43,30310.14,13,0,NORMAL
TXN00270,U006,2026-08-21 19:58:00,3133.1,Grocery,M-GR-04,NORMAL_WALLET,MERCHANT_PAYMENT,19,Friday,0,1,8158,3369.67,2168.38,3388.54,22279.39,13,1,HIGH_AMOUNT
TXN00271,U006,2026-08-22 04:01:00,1658.13,Restaurant/Food,M-RF-01,PURPOSE_FUND,MERCHANT_PAYMENT,4,Saturday,1,1,483,3352.78,764.85,6521.64,25412.49,14,1,UNUSUAL_HOUR
TXN00272,U007,2026-08-22 07:42:00,917.75,Grocery,M-GR-02,NORMAL_WALLET,MERCHANT_PAYMENT,7,Saturday,1,0,1806,2550.54,1653.12,6298.5,21359.08,18,0,NORMAL
TXN00273,U008,2026-08-22 17:22:00,701.34,Grocery,M-GR-03,FAMILY_PASS,MERCHANT_PAYMENT,17,Saturday,1,1,2303,2697.3,0.0,14100.84,33948.2,13,0,NORMAL
TXN00274,U011,2026-08-22 21:13:00,894.76,Electricity,M-EL-01,NORMAL_WALLET,MERCHANT_PAYMENT,21,Saturday,1,0,3622,1131.11,940.1,1913.27,9773.12,18,0,NORMAL
TXN00275,U008,2026-08-22 22:40:00,5166.97,Rent,M-RT-01,NORMAL_WALLET,MERCHANT_PAYMENT,22,Saturday,1,0,318,2554.74,11735.06,14802.18,34649.54,14,0,NORMAL
TXN00276,U009,2026-08-22 23:48:00,752.69,Education,M-ED-02,NORMAL_WALLET,MERCHANT_PAYMENT,23,Saturday,1,0,3699,1624.69,1919.97,1735.43,14068.3,17,0,NORMAL
TXN00277,U004,2026-08-23 11:09:00,15392.53,Rent,M-RT-01,PURPOSE_FUND,MERCHANT_PAYMENT,11,Sunday,1,0,2365,3346.35,10468.62,5535.81,32179.52,14,0,NORMAL
TXN00278,U011,2026-08-23 12:09:00,691.16,Electricity,M-EL-01,PURPOSE_FUND,MERCHANT_PAYMENT,12,Sunday,1,0,896,1118.67,931.03,2808.03,10667.88,19,0,NORMAL
TXN00279,U001,2026-08-23 18:19:00,5168.3,Grocery,M-GR-03,FAMILY_PASS,MERCHANT_PAYMENT,18,Sunday,1,1,6993,2694.18,712.42,1080.51,14078.01,19,1,HIGH_AMOUNT
TXN00280,U015,2026-08-24 02:24:00,586.77,Medicine,M-MD-01,FAMILY_PASS,MERCHANT_PAYMENT,2,Monday,0,0,3315,2370.07,729.85,1366.24,21667.2,23,0,NORMAL
TXN00281,U010,2026-08-24 02:31:00,7271.21,Rent,M-RT-01,NORMAL_WALLET,MERCHANT_PAYMENT,2,Monday,0,0,6714,3722.15,6777.25,6914.72,19963.15,19,0,NORMAL
TXN00282,U008,2026-08-24 12:17:00,14044.55,Education,M-ED-02,PURPOSE_FUND,MERCHANT_PAYMENT,12,Monday,0,1,2257,2728.88,0.0,19969.15,39816.51,15,1,CATEGORY_SPIKE
TXN00283,U011,2026-08-24 12:42:00,1613.74,Transport,M-TR-01,FAMILY_PASS,MERCHANT_PAYMENT,12,Monday,0,0,1473,1097.29,206.35,3499.19,11359.04,20,1,HIGH_AMOUNT
TXN00284,U001,2026-08-24 15:55:00,490.55,Medicine,M-MD-02,FAMILY_PASS,MERCHANT_PAYMENT,15,Monday,0,1,1296,2817.89,1468.62,6248.81,19246.31,20,0,NORMAL
TXN00285,U008,2026-08-24 16:09:00,895.81,Restaurant/Food,M-RF-04,PURPOSE_FUND,MERCHANT_PAYMENT,16,Monday,0,1,232,3436.11,714.69,34013.7,53861.06,16,0,NORMAL
TXN00286,U004,2026-08-24 16:24:00,1815.04,Electricity,M-EL-01,PURPOSE_FUND,MERCHANT_PAYMENT,16,Monday,0,0,1755,4149.43,2000.12,20928.34,47572.05,15,0,NORMAL
TXN00287,U009,2026-08-25 00:54:00,2427.9,Electricity,M-EL-01,FAMILY_PASS,MERCHANT_PAYMENT,0,Tuesday,0,0,2946,1576.25,1958.9,2488.12,14820.99,18,0,NORMAL
TXN00288,U003,2026-08-25 05:38:00,346.93,Transport,M-TR-02,NORMAL_WALLET,MERCHANT_PAYMENT,5,Tuesday,0,0,5939,2525.84,355.01,1065.03,7538.12,13,0,NORMAL
TXN00289,U005,2026-08-25 05:50:00,1173.78,Electricity,M-EL-01,NORMAL_WALLET,MERCHANT_PAYMENT,5,Tuesday,0,0,6385,2924.85,1120.11,2919.01,21545.98,23,0,NORMAL
TXN00290,U009,2026-08-25 06:25:00,933.31,Grocery,M-GR-03,NORMAL_WALLET,MERCHANT_PAYMENT,6,Tuesday,0,0,331,1621.07,884.03,4916.02,17248.89,19,0,NORMAL
TXN00291,U002,2026-08-25 21:23:00,1844.3,Medicine,M-MD-02,NORMAL_WALLET,MERCHANT_PAYMENT,21,Tuesday,0,0,6833,712.12,638.86,1225.18,9709.03,19,1,HIGH_AMOUNT
TXN00292,U010,2026-08-26 10:50:00,1224.38,Education,M-ED-01,NORMAL_WALLET,MERCHANT_PAYMENT,10,Wednesday,0,0,3379,3899.6,2185.62,7271.21,26837.65,20,0,NORMAL
TXN00293,U013,2026-08-26 14:16:00,585.71,Electricity,M-EL-01,PURPOSE_FUND,MERCHANT_PAYMENT,14,Wednesday,0,0,20036,1280.48,755.22,0,4745.54,20,0,NORMAL
TXN00294,U012,2026-08-26 15:18:00,7636.67,Rent,M-RT-01,NORMAL_WALLET,MERCHANT_PAYMENT,15,Wednesday,0,0,10623,4239.23,9730.6,0,34599.92,21,0,NORMAL
TXN00295,U006,2026-08-26 16:35:00,964.13,Electricity,M-EL-01,NORMAL_WALLET,MERCHANT_PAYMENT,16,Wednesday,0,0,6514,3239.8,5287.25,4791.23,24499.64,15,0,NORMAL
TXN00296,U006,2026-08-26 19:25:00,1236.67,Electricity,M-EL-01,FAMILY_PASS,MERCHANT_PAYMENT,19,Wednesday,0,0,170,3097.57,4206.47,5755.36,25463.77,16,0,NORMAL
TXN00297,U014,2026-08-26 23:19:00,559.47,Medicine,M-MD-01,NORMAL_WALLET,MERCHANT_PAYMENT,23,Wednesday,0,1,9738,1056.31,410.62,239.51,12301.05,19,0,NORMAL
TXN00298,U008,2026-08-27 10:48:00,343.4,Transport,M-TR-03,PURPOSE_FUND,MERCHANT_PAYMENT,10,Thursday,0,1,3999,3286.68,570.23,21452.73,52788.51,17,0,NORMAL
TXN00299,U007,2026-08-27 13:34:00,683.92,Grocery,M-GR-04,NORMAL_WALLET,MERCHANT_PAYMENT,13,Thursday,0,0,7552,2464.6,1506.04,1732.34,20733.67,19,0,NORMAL
TXN00300,U010,2026-08-27 23:35:00,877.7,Medicine,M-MD-03,NORMAL_WALLET,MERCHANT_PAYMENT,23,Thursday,0,0,2205,3772.21,868.55,8495.59,28062.03,21,0,NORMAL
TXN00301,U008,2026-08-28 01:10:00,11604.42,Rent,M-RT-01,NORMAL_WALLET,MERCHANT_PAYMENT,1,Friday,0,0,862,3123.17,9545.7,21796.13,53131.91,18,0,NORMAL
TXN00302,U013,2026-08-28 05:22:00,1741.85,Education,M-ED-01,NORMAL_WALLET,MERCHANT_PAYMENT,5,Friday,0,0,2346,1247.39,909.6,585.71,4028.73,21,0,NORMAL
TXN00303,U009,2026-08-28 08:34:00,595.95,Medicine,M-MD-03,NORMAL_WALLET,MERCHANT_PAYMENT,8,Friday,0,1,4449,1586.68,603.74,4113.9,14639.86,20,0,NORMAL
TXN00304,U009,2026-08-28 09:18:00,2124.89,Electricity,M-EL-01,NORMAL_WALLET,MERCHANT_PAYMENT,9,Friday,0,0,44,1539.51,2076.15,4709.85,15235.81,21,0,NORMAL
TXN00305,U009,2026-08-28 17:00:00,178.72,Restaurant/Food,M-RF-02,NORMAL_WALLET,MERCHANT_PAYMENT,17,Friday,0,1,462,1566.11,0.0,6834.74,17360.7,22,0,NORMAL
TXN00306,U014,2026-08-28 17:53:00,393.53,Medicine,M-MD-02,NORMAL_WALLET,MERCHANT_PAYMENT,17,Friday,0,0,2554,1031.46,427.16,559.47,12860.52,20,0,NORMAL
TXN00307,U004,2026-08-28 21:52:00,1216.2,Electricity,M-EL-01,PURPOSE_FUND,MERCHANT_PAYMENT,21,Friday,0,0,6088,4003.53,1907.58,17207.57,38237.45,16,0,NORMAL
TXN00308,U003,2026-08-29 00:10:00,2185.76,Electricity,M-EL-01,PURPOSE_FUND,MERCHANT_PAYMENT,0,Saturday,1,1,5432,2370.2,0.0,346.93,7147.45,14,0,NORMAL
TXN00309,U013,2026-08-29 05:46:00,3078.4,Restaurant/Food,M-RF-02,NORMAL_WALLET,MERCHANT_PAYMENT,5,Saturday,1,1,1464,1269.87,373.75,2327.56,5770.58,22,1,CATEGORY_SPIKE
TXN00310,U005,2026-08-29 06:34:00,2895.95,Medicine,M-MD-03,NORMAL_WALLET,MERCHANT_PAYMENT,6,Saturday,1,0,5804,2851.89,2382.41,1173.78,21926.33,24,1,CATEGORY_SPIKE
TXN00311,U008,2026-08-29 12:09:00,437.47,Transport,M-TR-03,FAMILY_PASS,MERCHANT_PAYMENT,12,Saturday,1,0,2099,3569.55,494.62,32756.49,64736.33,19,0,NORMAL
TXN00312,U002,2026-08-30 02:11:00,1327.72,Electricity,M-EL-01,NORMAL_WALLET,MERCHANT_PAYMENT,2,Sunday,1,0,6048,768.73,921.53,1844.3,10560.11,20,0,NORMAL
TXN00313,U006,2026-08-30 03:08:00,1203.86,Electricity,M-EL-01,NORMAL_WALLET,MERCHANT_PAYMENT,3,Sunday,1,0,4783,2988.11,3612.51,2200.8,19114.84,17,0,NORMAL
TXN00314,U006,2026-08-30 08:26:00,2330.87,Education,M-ED-01,NORMAL_WALLET,MERCHANT_PAYMENT,8,Sunday,1,0,318,2888.98,1073.22,3404.66,20318.7,18,0,NORMAL
TXN00315,U015,2026-08-30 12:25:00,819.3,Restaurant/Food,M-RF-02,FAMILY_PASS,MERCHANT_PAYMENT,12,Sunday,1,1,9241,2295.76,739.71,586.77,19831.15,24,0,NORMAL
TXN00316,U015,2026-08-30 12:26:00,944.83,Transport,M-TR-03,NORMAL_WALLET,MERCHANT_PAYMENT,12,Sunday,1,1,1,2236.7,0.0,1406.07,20650.45,25,1,RAPID_REPEAT
TXN00317,U002,2026-08-30 14:48:00,406.94,Medicine,M-MD-02,NORMAL_WALLET,MERCHANT_PAYMENT,14,Sunday,1,0,757,795.35,789.54,3172.02,11887.83,21,0,NORMAL
TXN00318,U013,2026-08-30 17:22:00,637.04,Electricity,M-EL-01,NORMAL_WALLET,MERCHANT_PAYMENT,17,Sunday,1,0,2136,1348.5,698.72,5405.96,8848.98,23,0,NORMAL
TXN00319,U002,2026-08-30 19:20:00,1290.24,Electricity,M-EL-01,NORMAL_WALLET,MERCHANT_PAYMENT,19,Sunday,1,0,272,777.69,979.56,3578.96,12294.77,22,0,NORMAL
TXN00320,U004,2026-08-30 20:27:00,2940.35,Medicine,NEW-U004-17,PURPOSE_FUND,MERCHANT_PAYMENT,20,Sunday,1,1,2795,3839.57,965.4,3031.24,39453.65,17,1,NEW_MERCHANT_HIGH_AMOUNT
TXN00321,U006,2026-08-31 00:28:00,2178.16,Electricity,M-EL-01,NORMAL_WALLET,MERCHANT_PAYMENT,0,Monday,0,0,962,2859.61,3211.07,5735.53,22649.57,19,0,NORMAL
TXN00322,U006,2026-08-31 06:06:00,2618.37,Education,M-ED-02,FAMILY_PASS,MERCHANT_PAYMENT,6,Monday,0,0,338,2825.53,1492.43,7913.69,24827.73,20,0,NORMAL
TXN00323,U012,2026-08-31 07:41:00,6875.69,Rent,M-RT-02,NORMAL_WALLET,MERCHANT_PAYMENT,7,Monday,0,0,6743,4393.66,9381.61,7636.67,30620.17,22,0,NORMAL
TXN00324,U003,2026-08-31 13:44:00,399.27,Medicine,M-MD-01,NORMAL_WALLET,MERCHANT_PAYMENT,13,Monday,0,0,3694,2357.91,546.26,2532.69,9333.21,15,0,NORMAL
TXN00325,U006,2026-08-31 22:20:00,527.25,Grocery,M-GR-04,NORMAL_WALLET,MERCHANT_PAYMENT,22,Monday,0,0,974,2815.67,2409.56,10532.06,18711.83,21,0,NORMAL
TXN00326,U004,2026-09-01 04:56:00,397.76,Medicine,M-MD-02,FAMILY_PASS,MERCHANT_PAYMENT,4,Tuesday,0,0,1949,3789.61,1360.39,4156.55,42394.0,18,0,NORMAL
TXN00327,U001,2026-09-01 06:14:00,722.47,Grocery,M-GR-01,NORMAL_WALLET,MERCHANT_PAYMENT,6,Tuesday,0,0,10939,2707.06,1455.07,0,11958.58,21,0,NORMAL
TXN00328,U013,2026-09-01 08:47:00,585.82,Grocery,M-GR-01,NORMAL_WALLET,MERCHANT_PAYMENT,8,Tuesday,0,1,2365,1318.86,784.95,6043.0,8576.42,24,0,NORMAL
TXN00329,U003,2026-09-01 10:51:00,1042.05,Electricity,M-EL-01,PURPOSE_FUND,MERCHANT_PAYMENT,10,Tuesday,0,0,1267,2235.49,2185.76,2585.03,9507.27,16,0,NORMAL
TXN00330,U008,2026-09-01 15:38:00,1216.3,Electricity,M-EL-01,NORMAL_WALLET,MERCHANT_PAYMENT,15,Tuesday,0,0,4529,3412.95,1368.05,12385.29,63828.12,20,0,NORMAL
TXN00331,U009,2026-09-02 00:46:00,1674.26,Electricity,M-EL-01,FAMILY_PASS,MERCHANT_PAYMENT,0,Wednesday,0,0,6226,1505.79,2085.9,2899.56,15763.38,23,0,NORMAL
TXN00332,U004,2026-09-02 03:52:00,12376.64,Rent,M-RT-01,NORMAL_WALLET,MERCHANT_PAYMENT,3,Wednesday,0,0,1376,3611.09,11699.6,4554.31,42791.76,19,0,NORMAL
TXN00333,U008,2026-09-02 03:54:00,943.1,Electricity,M-EL-01,NORMAL_WALLET,MERCHANT_PAYMENT,3,Wednesday,0,0,736,3308.34,1317.47,13601.59,65044.42,21,0,NORMAL
TXN00334,U012,2026-09-02 10:46:00,1585.8,Education,M-ED-01,PURPOSE_FUND,MERCHANT_PAYMENT,10,Wednesday,0,0,3065,4501.57,3553.51,14512.36,36477.05,23,0,NORMAL
TXN00335,U003,2026-09-02 12:57:00,15371.11,Rent,M-RT-01,NORMAL_WALLET,MERCHANT_PAYMENT,12,Wednesday,0,0,1566,2165.29,7750.59,3627.08,10549.32,17,0,NORMAL
TXN00336,U011,2026-09-02 18:57:00,236.28,Transport,M-TR-01,NORMAL_WALLET,MERCHANT_PAYMENT,18,Wednesday,0,0,13335,1121.89,440.92,0,11899.18,21,0,NORMAL
TXN00337,U008,2026-09-02 19:56:00,87.43,Transport,M-TR-02,PURPOSE_FUND,MERCHANT_PAYMENT,19,Wednesday,0,0,962,3200.83,480.33,14544.69,65987.52,22,0,NORMAL
TXN00338,U002,2026-09-02 23:40:00,8085.96,Education,NEW-U002-23,PURPOSE_FUND,MERCHANT_PAYMENT,23,Wednesday,0,1,4580,799.98,1269.54,3024.9,12224.71,23,1,NEW_MERCHANT_HIGH_AMOUNT
TXN00339,U006,2026-09-03 00:23:00,1912.9,Electricity,M-EL-01,NORMAL_WALLET,MERCHANT_PAYMENT,0,Thursday,0,0,3003,2711.65,3063.51,8858.51,19239.08,22,0,NORMAL
TXN00340,U002,2026-09-03 06:10:00,7265.44,Rent,M-RT-01,PURPOSE_FUND,MERCHANT_PAYMENT,6,Thursday,0,1,390,1103.56,0.0,11110.86,20310.67,24,0,NORMAL
TXN00341,U013,2026-09-03 08:31:00,1765.04,Education,M-ED-01,PURPOSE_FUND,MERCHANT_PAYMENT,8,Thursday,0,0,2864,1289.53,1325.72,6043.11,8799.74,25,0,NORMAL
TXN00342,U010,2026-09-03 18:16:00,1917.64,Education,M-ED-01,PURPOSE_FUND,MERCHANT_PAYMENT,18,Thursday,0,0,9761,3640.64,2025.41,877.7,17536.87,22,0,NORMAL
TXN00343,U008,2026-09-03 19:54:00,12145.72,Rent,M-RT-01,NORMAL_WALLET,MERCHANT_PAYMENT,19,Thursday,0,0,1438,3065.47,10060.38,14288.72,66074.95,23,0,NORMAL
TXN00344,U005,2026-09-04 13:11:00,681.29,Restaurant/Food,M-RF-03,FAMILY_PASS,MERCHANT_PAYMENT,13,Friday,0,0,9037,2853.65,486.41,2895.95,9360.07,25,0,NORMAL
TXN00345,U013,2026-09-04 15:32:00,1012.33,Education,M-ED-01,PURPOSE_FUND,MERCHANT_PAYMENT,15,Friday,0,0,1861,1307.82,1472.16,6066.3,9708.82,26,0,NORMAL
TXN00346,U010,2026-09-04 20:30:00,1656.52,Education,M-ED-01,NORMAL_WALLET,MERCHANT_PAYMENT,20,Friday,0,0,1574,3565.73,2010.02,1917.64,19454.51,23,0,NORMAL
TXN00347,U012,2026-09-04 21:24:00,1868.23,Electricity,M-EL-01,NORMAL_WALLET,MERCHANT_PAYMENT,21,Friday,0,0,3518,4380.08,6250.2,8461.49,38062.85,24,0,NORMAL
TXN00348,U014,2026-09-04 22:30:00,834.85,Electricity,M-EL-01,NORMAL_WALLET,MERCHANT_PAYMENT,22,Friday,0,0,10357,1001.09,1109.86,0,11606.05,21,0,NORMAL
TXN00349,U010,2026-09-04 23:55:00,388.86,Grocery,M-GR-01,PURPOSE_FUND,MERCHANT_PAYMENT,23,Friday,0,1,205,3486.18,0.0,3574.16,21111.03,24,0,NORMAL
TXN00350,U001,2026-09-05 05:35:00,843.56,Medicine,M-MD-01,NORMAL_WALLET,MERCHANT_PAYMENT,5,Saturday,1,0,5721,2616.85,1273.0,722.47,12435.14,22,0,NORMAL
TXN00351,U001,2026-09-05 05:38:00,2147.75,Electricity,M-EL-01,PURPOSE_FUND,MERCHANT_PAYMENT,5,Saturday,1,0,3,2539.75,2345.26,1566.03,13278.7,23,1,RAPID_REPEAT
TXN00352,U005,2026-09-05 05:46:00,543.49,Education,M-ED-02,PURPOSE_FUND,MERCHANT_PAYMENT,5,Saturday,1,0,995,2770.1,4629.86,3577.24,10041.36,26,0,NORMAL
TXN00353,U003,2026-09-05 06:25:00,15461.66,Rent,M-RT-01,NORMAL_WALLET,MERCHANT_PAYMENT,6,Saturday,1,0,3928,2898.95,9655.72,16812.43,25920.43,18,0,NORMAL
TXN00354,U006,2026-09-05 13:53:00,232.52,Transport,M-TR-01,NORMAL_WALLET,MERCHANT_PAYMENT,13,Saturday,1,1,3690,2676.92,2912.11,10771.41,21151.98,23,0,NORMAL
TXN00355,U013,2026-09-05 18:13:00,329.96,Shopping,M-SH-01,PURPOSE_FUND,MERCHANT_PAYMENT,18,Saturday,1,1,1601,1296.88,3380.28,4000.23,10721.15,27,0,NORMAL
TXN00356,U011,2026-09-06 02:50:00,6389.17,Education,M-ED-01,NORMAL_WALLET,MERCHANT_PAYMENT,2,Sunday,1,1,4793,1081.63,1898.42,236.28,12135.46,22,1,CATEGORY_SPIKE
TXN00357,U007,2026-09-06 03:03:00,515.13,Grocery,M-GR-03,PURPOSE_FUND,MERCHANT_PAYMENT,3,Sunday,1,1,13769,2375.57,1369.02,0,11832.32,20,1,UNUSUAL_HOUR
TXN00358,U012,2026-09-06 06:27:00,1345.87,Education,M-ED-01,PURPOSE_FUND,MERCHANT_PAYMENT,6,Sunday,1,0,1983,4279.61,3225.56,10329.72,39931.08,25,0,NORMAL
TXN00359,U014,2026-09-06 09:21:00,354.36,Restaurant/Food,M-RF-01,NORMAL_WALLET,MERCHANT_PAYMENT,9,Sunday,1,0,2091,993.53,153.34,834.85,3379.56,22,0,NORMAL
TXN00360,U003,2026-09-06 19:02:00,2294.37,Electricity,M-EL-01,NORMAL_WALLET,MERCHANT_PAYMENT,19,Sunday,1,0,2197,3560.14,1613.91,32274.09,41382.09,19,0,NORMAL
TXN00361,U007,2026-09-06 20:46:00,66.39,Transport,M-TR-03,NORMAL_WALLET,MERCHANT_PAYMENT,20,Sunday,1,1,1063,2286.98,0.0,515.13,12347.45,21,0,NORMAL
TXN00362,U012,2026-09-07 00:43:00,17071.11,Rent,M-RT-02,NORMAL_WALLET,MERCHANT_PAYMENT,0,Monday,0,0,1096,4166.77,9023.62,11675.59,41276.95,26,0,NORMAL
TXN00363,U007,2026-09-07 01:21:00,819.62,Electricity,M-EL-01,NORMAL_WALLET,MERCHANT_PAYMENT,1,Monday,0,0,275,2186.04,3300.62,581.52,12413.84,22,0,NORMAL
TXN00364,U006,2026-09-07 05:00:00,974.03,Grocery,M-GR-03,NORMAL_WALLET,MERCHANT_PAYMENT,5,Monday,0,0,2347,2575.07,2033.1,5291.04,21384.5,24,0,NORMAL
TXN00365,U013,2026-09-07 08:14:00,1554.33,Shopping,M-SH-04,PURPOSE_FUND,MERCHANT_PAYMENT,8,Monday,0,0,2281,1262.35,2871.89,3693.15,10580.53,28,0,NORMAL
TXN00366,U014,2026-09-07 09:38:00,402.15,Education,M-ED-01,NORMAL_WALLET,MERCHANT_PAYMENT,9,Monday,0,1,1457,965.74,0.0,1189.21,3733.92,23,0,NORMAL
TXN00367,U006,2026-09-07 21:44:00,893.03,Restaurant/Food,M-RF-02,NORMAL_WALLET,MERCHANT_PAYMENT,21,Monday,0,0,1004,2511.03,1211.49,3646.7,22358.53,25,0,NORMAL
TXN00368,U008,2026-09-07 22:22:00,1075.78,Electricity,M-EL-01,NORMAL_WALLET,MERCHANT_PAYMENT,22,Monday,0,0,5908,3443.81,1223.88,14392.55,65122.63,24,0,NORMAL
TXN00369,U004,2026-09-08 00:03:00,14636.91,Rent,M-RT-02,NORMAL_WALLET,MERCHANT_PAYMENT,0,Tuesday,0,0,8411,4049.37,11835.01,12774.4,45620.3,20,0,NORMAL
TXN00370,U002,2026-09-08 03:17:00,114.28,Transport,M-TR-01,NORMAL_WALLET,MERCHANT_PAYMENT,3,Tuesday,0,0,7027,1350.03,247.49,15351.4,26616.91,25,1,UNUSUAL_HOUR
TXN00371,U003,2026-09-08 07:49:00,13617.6,Rent,M-RT-02,NORMAL_WALLET,MERCHANT_PAYMENT,7,Tuesday,0,0,2207,3496.85,10816.91,34169.19,43676.46,20,0,NORMAL
TXN00372,U008,2026-09-08 10:54:00,14716.25,Rent,M-RT-02,NORMAL_WALLET,MERCHANT_PAYMENT,10,Tuesday,0,1,752,3349.09,10477.45,15468.33,66198.41,25,0,NORMAL
TXN00373,U010,2026-09-08 12:14:00,175.39,Transport,M-TR-01,NORMAL_WALLET,MERCHANT_PAYMENT,12,Tuesday,0,1,5059,3362.28,0.0,3963.02,21499.89,25,0,NORMAL
TXN00374,U010,2026-09-08 12:33:00,340.93,Transport,M-TR-03,NORMAL_WALLET,MERCHANT_PAYMENT,12,Tuesday,0,1,19,3239.71,175.39,4138.41,21675.28,26,0,NORMAL
TXN00375,U010,2026-09-08 12:36:00,1939.57,Education,M-ED-02,FAMILY_PASS,MERCHANT_PAYMENT,12,Tuesday,0,0,3,3132.35,1965.83,4479.34,22016.21,27,1,RAPID_REPEAT
TXN00376,U009,2026-09-08 17:17:00,1539.82,Grocery,M-GR-04,NORMAL_WALLET,MERCHANT_PAYMENT,17,Tuesday,0,0,9631,1512.81,890.19,1674.26,17437.64,24,0,NORMAL
TXN00377,U004,2026-09-09 01:13:00,273.29,Medicine,M-MD-03,PURPOSE_FUND,MERCHANT_PAYMENT,1,Wednesday,0,1,1510,4553.54,1199.95,27013.55,60257.21,21,0,NORMAL
TXN00378,U004,2026-09-09 03:54:00,11168.11,Rent,M-RT-01,NORMAL_WALLET,MERCHANT_PAYMENT,3,Wednesday,0,0,161,4358.98,12301.99,14910.2,60530.5,22,0,NORMAL
TXN00379,U001,2026-09-09 09:04:00,763.98,Medicine,M-MD-01,NORMAL_WALLET,MERCHANT_PAYMENT,9,Wednesday,0,0,5966,2523.42,1201.43,2991.31,10518.93,24,0,NORMAL
TXN00380,U006,2026-09-09 16:55:00,11807.24,Rent,M-RT-02,NORMAL_WALLET,MERCHANT_PAYMENT,16,Wednesday,0,0,2591,2448.8,8734.27,4012.48,23251.56,26,0,NORMAL
TXN00381,U007,2026-09-09 18:46:00,140.61,Transport,M-TR-03,NORMAL_WALLET,MERCHANT_PAYMENT,18,Wednesday,0,0,3925,2126.63,66.39,1401.14,9301.31,23,0,NORMAL
TXN00382,U006,2026-09-09 20:38:00,9584.86,Rent,M-RT-01,NORMAL_WALLET,MERCHANT_PAYMENT,20,Wednesday,0,1,223,2795.41,10270.76,15819.72,35058.8,27,0,NORMAL
TXN00383,U006,2026-09-10 16:29:00,646.52,Restaurant/Food,M-RF-04,NORMAL_WALLET,MERCHANT_PAYMENT,16,Thursday,0,1,1191,3037.89,1105.34,23491.68,44643.66,28,0,NORMAL
TXN00384,U008,2026-09-11 03:44:00,509.39,Transport,M-TR-01,PURPOSE_FUND,MERCHANT_PAYMENT,3,Friday,0,0,3890,3786.29,401.75,15792.03,79986.23,26,0,NORMAL
TXN00385,U014,2026-09-11 04:19:00,1335.62,Electricity,M-EL-01,NORMAL_WALLET,MERCHANT_PAYMENT,4,Friday,0,0,5441,942.26,1054.86,1591.36,3491.21,24,1,UNUSUAL_HOUR
TXN00386,U007,2026-09-11 19:02:00,277.81,Grocery,M-GR-04,NORMAL_WALLET,MERCHANT_PAYMENT,19,Friday,0,0,2896,2043.88,1247.04,1541.75,9441.92,24,0,NORMAL
TXN00387,U002,2026-09-11 20:55:00,123.53,Medicine,M-MD-03,NORMAL_WALLET,MERCHANT_PAYMENT,20,Friday,0,0,5378,1302.51,747.03,114.28,24894.2,26,0,NORMAL
TXN00388,U001,2026-09-12 01:00:00,126.0,Transport,M-TR-02,NORMAL_WALLET,MERCHANT_PAYMENT,1,Saturday,1,1,3836,2453.04,149.65,3755.29,11282.91,25,0,NORMAL
TXN00389,U002,2026-09-12 02:13:00,190.37,Medicine,M-MD-01,PURPOSE_FUND,MERCHANT_PAYMENT,2,Saturday,1,0,318,1258.84,684.68,237.81,25017.73,27,0,NORMAL
TXN00390,U009,2026-09-12 13:31:00,1308.12,Electricity,M-EL-01,NORMAL_WALLET,MERCHANT_PAYMENT,13,Saturday,1,0,5534,1513.89,2017.29,1539.82,12846.27,25,0,NORMAL
TXN00391,U014,2026-09-12 18:24:00,342.69,Medicine,M-MD-03,NORMAL_WALLET,MERCHANT_PAYMENT,18,Saturday,1,0,2285,957.99,423.79,2092.13,4826.83,25,0,NORMAL
TXN00392,U014,2026-09-13 10:57:00,883.63,Electricity,M-EL-01,NORMAL_WALLET,MERCHANT_PAYMENT,10,Sunday,1,0,993,934.33,1101.65,2080.46,5169.52,26,0,NORMAL
TXN00393,U010,2026-09-13 14:46:00,5063.63,Education,M-ED-02,NORMAL_WALLET,MERCHANT_PAYMENT,14,Sunday,1,0,7330,3089.75,1962.91,2455.89,23955.78,28,1,HIGH_AMOUNT
TXN00394,U006,2026-09-13 17:56:00,3044.11,Medicine,M-MD-03,PURPOSE_FUND,MERCHANT_PAYMENT,17,Sunday,1,1,4407,2955.43,3440.62,23905.68,45290.18,29,1,CATEGORY_SPIKE
TXN00395,U015,2026-09-13 22:15:00,1131.49,Electricity,M-EL-01,NORMAL_WALLET,MERCHANT_PAYMENT,22,Sunday,1,0,20749,2187.02,5018.49,0,4326.68,26,0,NORMAL
TXN00396,U002,2026-09-14 06:48:00,105.02,Medicine,M-MD-01,NORMAL_WALLET,MERCHANT_PAYMENT,6,Monday,0,0,3155,1220.68,639.74,428.18,22998.9,28,0,NORMAL
TXN00397,U002,2026-09-14 06:51:00,2303.08,Shopping,M-SH-03,NORMAL_WALLET,MERCHANT_PAYMENT,6,Monday,0,1,3,1182.21,0.0,533.2,23103.92,29,1,RAPID_REPEAT
TXN00398,U009,2026-09-14 14:52:00,466.45,Grocery,M-GR-04,FAMILY_PASS,MERCHANT_PAYMENT,14,Monday,0,0,2961,1505.98,962.37,2847.94,13271.09,26,0,NORMAL
TXN00399,U004,2026-09-14 20:54:00,1299.11,Shopping,M-SH-01,PURPOSE_FUND,MERCHANT_PAYMENT,20,Monday,0,0,8220,4655.03,1869.38,26078.31,65752.64,23,0,NORMAL
TXN00400,U004,2026-09-14 23:18:00,8957.42,Rent,M-RT-01,FAMILY_PASS,MERCHANT_PAYMENT,23,Monday,0,0,144,4515.2,12140.01,27377.42,67051.75,24,0,NORMAL
TXN00401,U011,2026-09-14 23:55:00,188.58,Restaurant/Food,M-RF-02,NORMAL_WALLET,MERCHANT_PAYMENT,23,Monday,0,1,12785,1312.39,347.0,0,11738.38,23,0,NORMAL
TXN00402,U009,2026-09-15 02:57:00,455.01,Transport,M-TR-03,FAMILY_PASS,MERCHANT_PAYMENT,2,Tuesday,0,1,725,1467.48,426.31,3314.39,13737.54,27,0,NORMAL
TXN00403,U014,2026-09-15 04:54:00,1845.26,Shopping,M-SH-02,NORMAL_WALLET,MERCHANT_PAYMENT,4,Tuesday,0,1,2517,932.45,0.0,2561.94,5906.06,27,0,NORMAL
TXN00404,U015,2026-09-15 13:52:00,3374.7,Shopping,M-SH-03,NORMAL_WALLET,MERCHANT_PAYMENT,13,Tuesday,0,1,2377,2147.92,1431.12,1131.49,5458.17,27,0,NORMAL
TXN00405,U003,2026-09-15 19:15:00,2377.31,Shopping,M-SH-01,NORMAL_WALLET,MERCHANT_PAYMENT,19,Tuesday,0,1,10766,3978.79,2628.99,0,51783.78,21,0,NORMAL
TXN00406,U005,2026-09-15 23:12:00,559.14,Education,M-ED-01,NORMAL_WALLET,MERCHANT_PAYMENT,23,Tuesday,0,0,15446,2687.63,4046.1,0,8213.52,27,0,NORMAL
TXN00407,U001,2026-09-16 04:26:00,3920.37,Rent,M-RT-02,NORMAL_WALLET,MERCHANT_PAYMENT,4,Wednesday,0,0,5966,2363.54,30915.94,889.98,11343.12,26,0,NORMAL
TXN00408,U011,2026-09-16 17:31:00,926.63,Transport,NEW-U011-24,FAMILY_PASS,MERCHANT_PAYMENT,17,Wednesday,0,1,2496,1265.57,411.68,188.58,11926.96,24,1,NEW_MERCHANT_HIGH_AMOUNT
TXN00409,U009,2026-09-17 02:28:00,1349.27,Electricity,M-EL-01,NORMAL_WALLET,MERCHANT_PAYMENT,2,Thursday,0,0,2851,1431.32,1915.98,2229.58,14192.55,28,0,NORMAL
TXN00410,U003,2026-09-17 07:36:00,2262.82,Shopping,M-SH-03,PURPOSE_FUND,MERCHANT_PAYMENT,7,Thursday,0,1,2181,3906.0,2545.1,2377.31,54161.09,22,0,NORMAL
TXN00411,U012,2026-09-17 11:44:00,1865.73,Education,M-ED-02,NORMAL_WALLET,MERCHANT_PAYMENT,11,Thursday,0,0,15061,4644.71,2957.03,0,43916.11,27,0,NORMAL
TXN00412,U010,2026-09-17 18:58:00,9863.65,Rent,M-RT-01,PURPOSE_FUND,MERCHANT_PAYMENT,18,Thursday,0,0,6012,3157.81,6847.82,5063.63,27770.55,29,0,NORMAL
TXN00413,U003,2026-09-18 06:05:00,617.7,Medicine,M-MD-02,NORMAL_WALLET,MERCHANT_PAYMENT,6,Friday,0,1,1349,3834.56,516.86,4640.13,55652.23,23,0,NORMAL
TXN00414,U001,2026-09-18 11:31:00,817.89,Grocery,M-GR-04,PURPOSE_FUND,MERCHANT_PAYMENT,11,Friday,0,1,3305,2421.2,1350.41,4046.37,14182.98,27,0,NORMAL
TXN00415,U003,2026-09-18 14:40:00,7446.07,Rent,M-RT-02,NORMAL_WALLET,MERCHANT_PAYMENT,14,Friday,0,0,515,3700.52,11283.69,5257.83,56269.93,24,0,NORMAL
TXN00416,U003,2026-09-18 15:03:00,305.12,Medicine,M-MD-02,NORMAL_WALLET,MERCHANT_PAYMENT,15,Friday,0,0,23,3850.34,533.67,12703.9,63716.0,25,0,NORMAL
TXN00417,U006,2026-09-19 00:35:00,404.71,Transport,M-TR-01,NORMAL_WALLET,MERCHANT_PAYMENT,0,Saturday,1,0,7599,2958.38,1572.32,3044.11,44945.75,30,0,NORMAL
TXN00418,U009,2026-09-19 05:51:00,987.83,Grocery,M-GR-03,PURPOSE_FUND,MERCHANT_PAYMENT,5,Saturday,1,0,3083,1428.49,912.78,3578.85,15541.82,29,0,NORMAL
TXN00419,U006,2026-09-19 07:51:00,728.08,Electricity,M-EL-01,NORMAL_WALLET,MERCHANT_PAYMENT,7,Saturday,1,0,436,2876.01,2919.68,3448.82,45350.46,31,0,NORMAL
TXN00420,U011,2026-09-19 16:21:00,1019.98,Electricity,M-EL-01,FAMILY_PASS,MERCHANT_PAYMENT,16,Saturday,1,0,4250,1252.01,891.05,1115.21,10940.32,25,0,NORMAL
TXN00421,U014,2026-09-19 17:53:00,139.42,Medicine,M-MD-01,NORMAL_WALLET,MERCHANT_PAYMENT,17,Saturday,1,0,6539,965.05,416.42,3071.58,6951.56,28,0,NORMAL
TXN00422,U011,2026-09-20 03:13:00,234.74,Grocery,M-GR-01,FAMILY_PASS,MERCHANT_PAYMENT,3,Sunday,1,1,652,1243.09,992.95,2135.19,11960.3,26,0,NORMAL
TXN00423,U007,2026-09-20 03:36:00,25885.33,Rent,NEW-U007-25,NORMAL_WALLET,MERCHANT_PAYMENT,3,Sunday,1,1,12034,1973.24,8025.49,0,3421.23,25,1,NEW_MERCHANT_HIGH_AMOUNT
TXN00424,U010,2026-09-20 07:04:00,1060.92,Education,M-ED-01,FAMILY_PASS,MERCHANT_PAYMENT,7,Sunday,1,0,3606,3381.34,2272.98,14927.28,30719.48,30,0,NORMAL
TXN00425,U007,2026-09-20 08:43:00,557.71,Restaurant/Food,M-RF-03,NORMAL_WALLET,MERCHANT_PAYMENT,8,Sunday,1,1,307,2892.93,412.66,25885.33,29306.56,26,0,NORMAL
TXN00426,U007,2026-09-20 13:47:00,5845.4,Electricity,M-EL-01,PURPOSE_FUND,MERCHANT_PAYMENT,13,Sunday,1,0,304,2806.44,2473.62,26443.04,29864.27,27,1,CATEGORY_SPIKE
TXN00427,U009,2026-09-20 14:31:00,563.61,Transport,M-TR-03,NORMAL_WALLET,MERCHANT_PAYMENT,14,Sunday,1,0,1960,1413.8,440.66,3258.56,14794.22,30,0,NORMAL
TXN00428,U004,2026-09-20 14:59:00,306.69,Restaurant/Food,M-RF-02,NORMAL_WALLET,MERCHANT_PAYMENT,14,Sunday,1,1,8141,4692.89,824.24,10256.53,72342.74,25,0,NORMAL
TXN00429,U005,2026-09-20 22:32:00,826.42,Medicine,M-MD-03,PURPOSE_FUND,MERCHANT_PAYMENT,22,Sunday,1,0,7160,2611.61,2510.8,559.14,5853.65,28,0,NORMAL
TXN00430,U010,2026-09-21 01:01:00,251.16,Restaurant/Food,M-RF-04,NORMAL_WALLET,MERCHANT_PAYMENT,1,Monday,0,0,1077,3306.49,359.79,10924.57,31780.4,31,0,NORMAL
TXN00431,U011,2026-09-21 04:54:00,167.86,Transport,M-TR-02,NORMAL_WALLET,MERCHANT_PAYMENT,4,Monday,0,0,1541,1205.74,476.05,2369.93,12195.04,27,0,NORMAL
TXN00432,U007,2026-09-21 05:44:00,1465.95,Electricity,M-EL-01,PURPOSE_FUND,MERCHANT_PAYMENT,5,Monday,0,0,957,2914.98,3316.56,32288.44,35709.67,28,0,NORMAL
TXN00433,U003,2026-09-21 09:35:00,1741.23,Shopping,M-SH-03,NORMAL_WALLET,MERCHANT_PAYMENT,9,Monday,0,0,3992,3713.99,2474.53,13009.02,63727.77,26,0,NORMAL
TXN00434,U003,2026-09-21 09:37:00,4776.5,Shopping,M-SH-01,PURPOSE_FUND,MERCHANT_PAYMENT,9,Monday,0,0,2,3640.92,2327.87,14750.25,65469.0,27,1,RAPID_REPEAT
TXN00435,U005,2026-09-21 14:50:00,1722.04,Electricity,M-EL-01,NORMAL_WALLET,MERCHANT_PAYMENT,14,Monday,0,0,978,2550.05,1130.84,1385.56,6680.07,29,0,NORMAL
TXN00436,U007,2026-09-21 15:00:00,525.4,Medicine,M-MD-02,NORMAL_WALLET,MERCHANT_PAYMENT,15,Monday,0,1,556,2865.01,541.52,33754.39,36257.87,29,0,NORMAL
TXN00437,U001,2026-09-21 22:20:00,319.37,Grocery,M-GR-02,NORMAL_WALLET,MERCHANT_PAYMENT,22,Monday,0,0,4969,2363.94,1283.85,4738.26,15000.87,28,0,NORMAL
TXN00438,U012,2026-09-22 04:47:00,3278.25,Education,M-ED-01,PURPOSE_FUND,MERCHANT_PAYMENT,4,Tuesday,0,0,6783,4545.46,2820.62,1865.73,38249.1,28,0,NORMAL
TXN00439,U004,2026-09-22 05:25:00,2252.78,Shopping,M-SH-02,FAMILY_PASS,MERCHANT_PAYMENT,5,Tuesday,0,1,2306,4524.19,1584.24,306.69,70780.05,26,0,NORMAL
TXN00440,U014,2026-09-22 10:15:00,794.36,Grocery,M-GR-01,PURPOSE_FUND,MERCHANT_PAYMENT,10,Tuesday,0,1,3862,936.58,1829.81,139.42,7090.98,29,0,NORMAL
TXN00441,U004,2026-09-22 11:43:00,13118.97,Rent,M-RT-02,NORMAL_WALLET,MERCHANT_PAYMENT,11,Tuesday,0,0,378,4440.06,11742.18,2559.47,57640.3,27,0,NORMAL
TXN00442,U011,2026-09-22 14:04:00,904.99,Electricity,M-EL-01,NORMAL_WALLET,MERCHANT_PAYMENT,14,Tuesday,0,0,1990,1168.67,909.47,2349.21,10776.98,28,0,NORMAL
TXN00443,U005,2026-09-22 17:13:00,915.09,Electricity,M-EL-01,FAMILY_PASS,MERCHANT_PAYMENT,17,Tuesday,0,0,1583,2522.45,1229.38,3107.6,8402.11,30,0,NORMAL
TXN00444,U008,2026-09-23 00:18:00,1537.34,Electricity,M-EL-01,FAMILY_PASS,MERCHANT_PAYMENT,0,Wednesday,0,0,17074,3664.92,1194.26,0,58019.62,27,0,NORMAL
TXN00445,U002,2026-09-23 03:05:00,306.37,Medicine,M-MD-02,PURPOSE_FUND,MERCHANT_PAYMENT,3,Wednesday,0,0,12734,1219.57,595.18,0,23056.88,30,0,NORMAL
TXN00446,U014,2026-09-23 04:16:00,913.33,Medicine,M-MD-01,NORMAL_WALLET,MERCHANT_PAYMENT,4,Wednesday,0,0,1081,931.84,393.34,933.78,7885.34,30,1,UNUSUAL_HOUR
TXN00447,U003,2026-09-23 22:20:00,1429.89,Electricity,M-EL-01,NORMAL_WALLET,MERCHANT_PAYMENT,22,Wednesday,0,0,3643,3681.48,1840.73,17149.44,70245.5,28,0,NORMAL
TXN00448,U003,2026-09-23 23:03:00,1638.64,Shopping,M-SH-01,NORMAL_WALLET,MERCHANT_PAYMENT,23,Wednesday,0,0,43,3603.84,2735.97,18579.33,71675.39,29,0,NORMAL
TXN00449,U001,2026-09-24 12:56:00,540.15,Education,M-ED-02,NORMAL_WALLET,MERCHANT_PAYMENT,12,Thursday,0,0,3756,2293.44,503.45,1137.26,9661.39,29,0,NORMAL
TXN00450,U002,2026-09-25 00:28:00,497.61,Restaurant/Food,M-RF-02,NORMAL_WALLET,MERCHANT_PAYMENT,0,Friday,0,1,2723,1190.11,0.0,306.37,21518.95,31,0,NORMAL
TXN00451,U004,2026-09-25 07:09:00,1089.97,Restaurant/Food,M-RF-01,FAMILY_PASS,MERCHANT_PAYMENT,7,Friday,0,0,4046,4750.02,694.86,15678.44,68944.23,28,0,NORMAL
TXN00452,U005,2026-09-26 00:45:00,1769.03,Electricity,M-EL-01,NORMAL_WALLET,MERCHANT_PAYMENT,0,Saturday,1,0,4772,2470.6,1184.48,3463.55,8143.42,31,0,NORMAL
TXN00453,U013,2026-09-26 08:21:00,529.3,Grocery,M-GR-04,NORMAL_WALLET,MERCHANT_PAYMENT,8,Saturday,1,1,27367,1272.41,745.13,0,10704.77,29,0,NORMAL
TXN00454,U008,2026-09-26 10:02:00,3364.43,Education,M-ED-01,FAMILY_PASS,MERCHANT_PAYMENT,10,Saturday,1,1,4904,3588.94,14044.55,1537.34,44616.6,28,0,NORMAL
TXN00455,U008,2026-09-26 16:17:00,8146.77,Rent,M-RT-01,NORMAL_WALLET,MERCHANT_PAYMENT,16,Saturday,1,0,375,3581.19,11183.91,4901.77,47637.63,29,0,NORMAL
TXN00456,U015,2026-09-26 20:03:00,795.46,Medicine,M-MD-03,PURPOSE_FUND,MERCHANT_PAYMENT,20,Saturday,1,0,16211,2191.74,706.0,0,6270.32,28,0,NORMAL
TXN00457,U004,2026-09-27 01:50:00,19252.18,Rent,M-RT-01,NORMAL_WALLET,MERCHANT_PAYMENT,1,Sunday,1,0,2561,4623.82,11895.16,16768.41,70034.2,29,1,UNUSUAL_HOUR
TXN00458,U004,2026-09-27 04:04:00,8613.25,Rent,M-RT-02,NORMAL_WALLET,MERCHANT_PAYMENT,4,Sunday,1,0,134,5111.43,12630.86,36020.59,89286.38,30,0,NORMAL
TXN00459,U003,2026-09-27 08:25:00,1988.09,Shopping,M-SH-01,PURPOSE_FUND,MERCHANT_PAYMENT,8,Sunday,1,0,4882,3538.33,2579.21,9586.26,72967.1,30,0,NORMAL
TXN00460,U008,2026-09-27 11:24:00,615.6,Transport,M-TR-01,NORMAL_WALLET,MERCHANT_PAYMENT,11,Sunday,1,0,1147,3733.38,419.69,13048.54,44179.98,30,0,NORMAL
TXN00461,U014,2026-09-27 12:38:00,6735.02,Electricity,M-EL-01,PURPOSE_FUND,MERCHANT_PAYMENT,12,Sunday,1,0,6262,931.24,1070.51,1707.69,8239.2,31,1,HIGH_AMOUNT
TXN00462,U011,2026-09-28 07:09:00,1827.21,Education,M-ED-02,PURPOSE_FUND,MERCHANT_PAYMENT,7,Monday,0,0,8225,1159.58,4143.8,904.99,10068.23,29,0,NORMAL
TXN00463,U008,2026-09-28 08:29:00,2423.3,Electricity,M-EL-01,NORMAL_WALLET,MERCHANT_PAYMENT,8,Monday,0,0,1265,3632.81,1251.44,13664.14,44795.58,31,0,NORMAL
TXN00464,U004,2026-09-28 11:16:00,44473.93,Rent,M-RT-01,NORMAL_WALLET,MERCHANT_PAYMENT,11,Monday,0,0,1872,5224.39,12265.63,44327.15,96683.43,31,1,HIGH_AMOUNT
TXN00465,U003,2026-09-28 13:43:00,20645.22,Shopping,M-SH-01,PURPOSE_FUND,MERCHANT_PAYMENT,13,Monday,0,0,1758,3488.32,2505.32,5056.62,72769.43,31,1,HIGH_AMOUNT
TXN00466,U013,2026-09-28 14:44:00,291.02,Medicine,M-MD-02,FAMILY_PASS,MERCHANT_PAYMENT,14,Monday,0,0,3263,1247.64,400.13,529.3,6413.82,30,0,NORMAL
TXN00467,U007,2026-09-28 18:05:00,738.54,Grocery,M-GR-01,NORMAL_WALLET,MERCHANT_PAYMENT,18,Monday,0,1,10265,2787.02,1125.88,0,36099.35,30,0,NORMAL
TXN00468,U011,2026-09-28 20:22:00,1080.3,Electricity,M-EL-01,PURPOSE_FUND,MERCHANT_PAYMENT,20,Monday,0,0,793,1181.83,908.91,2732.2,11895.44,30,0,NORMAL
TXN00469,U013,2026-09-28 22:34:00,1791.68,Restaurant/Food,M-RF-04,FAMILY_PASS,MERCHANT_PAYMENT,22,Monday,0,1,470,1216.78,1275.3,820.32,6704.84,31,1,CATEGORY_SPIKE
TXN00470,U001,2026-09-29 04:12:00,300.31,Shopping,M-SH-02,PURPOSE_FUND,MERCHANT_PAYMENT,4,Tuesday,0,1,6676,2234.99,0.0,540.15,10201.54,30,0,NORMAL
TXN00471,U015,2026-09-29 06:46:00,1028.46,Medicine,M-MD-03,PURPOSE_FUND,MERCHANT_PAYMENT,6,Tuesday,0,0,3523,2143.59,718.78,795.46,7065.78,29,0,NORMAL
TXN00472,U011,2026-09-29 12:03:00,272.25,Grocery,M-GR-04,PURPOSE_FUND,MERCHANT_PAYMENT,12,Tuesday,0,0,941,1178.56,613.85,3812.5,12975.74,31,0,NORMAL
TXN00473,U009,2026-09-29 13:24:00,1878.0,Education,M-ED-02,NORMAL_WALLET,MERCHANT_PAYMENT,13,Tuesday,0,0,12893,1386.37,1530.88,0,8344.37,31,0,NORMAL
TXN00474,U012,2026-09-29 15:42:00,1814.63,Education,M-ED-01,NORMAL_WALLET,MERCHANT_PAYMENT,15,Tuesday,0,0,10735,4501.76,2871.47,0,33890.68,29,0,NORMAL
TXN00475,U015,2026-09-29 16:36:00,438.44,Medicine,M-MD-03,NORMAL_WALLET,MERCHANT_PAYMENT,16,Tuesday,0,0,590,2106.42,757.49,1823.92,6330.11,30,0,NORMAL
TXN00476,U012,2026-09-29 16:51:00,3236.58,Education,M-ED-01,PURPOSE_FUND,MERCHANT_PAYMENT,16,Tuesday,0,0,69,4412.19,2765.78,1814.63,35705.31,30,0,NORMAL
TXN00477,U015,2026-09-29 22:39:00,2740.65,Shopping,M-SH-03,PURPOSE_FUND,MERCHANT_PAYMENT,22,Tuesday,0,0,363,2052.61,1917.01,2262.36,6768.55,31,0,NORMAL
TXN00478,U007,2026-09-30 04:21:00,113.12,Transport,M-TR-03,FAMILY_PASS,MERCHANT_PAYMENT,4,Wednesday,0,0,2056,2720.94,103.5,738.54,36837.89,31,0,NORMAL
TXN00479,U012,2026-09-30 06:49:00,2111.57,Electricity,M-EL-01,NORMAL_WALLET,MERCHANT_PAYMENT,6,Wednesday,0,0,838,4374.27,4789.54,5051.21,38941.89,31,0,NORMAL
TXN00480,U001,2026-09-30 11:05:00,2319.71,Education,M-ED-01,FAMILY_PASS,MERCHANT_PAYMENT,11,Wednesday,0,0,1853,2172.58,515.68,840.46,10501.85,31,0,NORMAL
