activity_id,family_pass_id,transaction_id,member_id,amount,remaining_limit_after,timestamp
1,6,TXN-20260411-000104,18,586.06,11413.94,2026-04-11 21:32:18
2,6,TXN-20260411-000105,18,645.12,10768.82,2026-04-11 17:12:24
3,3,TXN-20260411-000120,11,623.97,2876.03,2026-04-11 13:20:10
4,1,TXN-20260411-000121,10,715.90,3784.10,2026-04-11 12:19:07
5,5,TXN-20260412-000139,12,294.67,3705.33,2026-04-12 18:05:53
6,3,TXN-20260412-000153,11,321.42,2554.61,2026-04-12 10:20:31
7,5,TXN-20260413-000159,12,304.72,3400.61,2026-04-13 16:25:25
8,10,TXN-20260413-000168,15,282.04,3217.96,2026-04-13 16:31:56
9,3,TXN-20260413-000172,11,263.47,2291.14,2026-04-13 18:23:11
10,8,TXN-20260414-000190,14,515.44,5484.56,2026-04-14 13:05:37
11,10,TXN-20260414-000191,15,117.41,3100.55,2026-04-14 17:09:57
12,1,TXN-20260414-000193,10,1223.93,2560.17,2026-04-14 19:54:57
13,9,TXN-20260415-000204,19,446.68,14553.32,2026-04-15 16:15:02
14,3,TXN-20260416-000224,11,457.14,1834.00,2026-04-16 11:32:12
15,6,TXN-20260416-000231,18,694.89,10073.93,2026-04-16 16:22:10
16,8,TXN-20260417-000232,14,432.47,5052.09,2026-04-17 12:35:39
17,3,TXN-20260417-000244,11,440.38,1393.62,2026-04-17 11:03:26
18,1,TXN-20260417-000247,10,1658.71,901.46,2026-04-17 10:29:24
19,7,TXN-20260417-000248,13,1072.49,1927.51,2026-04-17 19:17:35
20,4,TXN-20260417-000252,17,751.53,9248.47,2026-04-17 20:03:35
21,4,TXN-20260417-000253,17,601.26,8647.21,2026-04-17 09:19:09
22,6,TXN-20260417-000254,18,780.38,9293.55,2026-04-17 16:18:19
23,3,TXN-20260418-000262,11,569.10,824.52,2026-04-18 16:27:12
24,6,TXN-20260419-000273,18,451.90,8841.65,2026-04-19 11:14:02
25,7,TXN-20260419-000278,13,1123.11,804.40,2026-04-19 14:52:37
26,3,TXN-20260419-000291,11,511.11,313.41,2026-04-19 18:44:23
27,3,TXN-20260420-000300,11,313.41,0.00,2026-04-20 18:04:26
28,5,TXN-20260420-000303,12,228.43,3172.18,2026-04-20 21:38:41
29,4,TXN-20260420-000305,17,730.40,7916.81,2026-04-20 19:57:46
30,10,TXN-20260421-000310,15,153.56,2946.99,2026-04-21 13:14:14
31,8,TXN-20260421-000311,14,412.49,4639.60,2026-04-21 18:59:38
32,2,TXN-20260421-000315,16,650.60,8349.40,2026-04-21 22:15:36
33,8,TXN-20260422-000327,14,544.01,4095.59,2026-04-22 19:57:42
34,4,TXN-20260422-000331,17,561.73,7355.08,2026-04-22 14:48:58
35,9,TXN-20260422-000334,19,509.41,14043.91,2026-04-22 20:59:39
36,6,TXN-20260423-000346,18,795.25,8046.40,2026-04-23 18:41:36
37,8,TXN-20260423-000349,14,549.30,3546.29,2026-04-23 20:17:46
38,5,TXN-20260423-000352,12,139.00,3033.18,2026-04-23 22:52:35
39,8,TXN-20260424-000358,14,480.10,3066.19,2026-04-24 11:04:36
40,4,TXN-20260424-000366,17,700.41,6654.67,2026-04-24 13:33:10
41,5,TXN-20260424-000374,12,288.82,2744.36,2026-04-24 20:02:28
42,8,TXN-20260425-000381,14,293.14,2773.05,2026-04-25 18:44:35
43,10,TXN-20260425-000387,15,180.10,2766.89,2026-04-25 08:13:07
44,5,TXN-20260425-000388,12,247.00,2497.36,2026-04-25 11:06:20
45,4,TXN-20260425-000392,17,899.46,5755.21,2026-04-25 17:56:24
46,8,TXN-20260426-000397,14,483.05,2290.00,2026-04-26 20:19:16
47,7,TXN-20260426-000404,13,804.40,0.00,2026-04-26 11:38:29
48,5,TXN-20260427-000422,12,146.49,2350.87,2026-04-27 08:06:02
49,1,TXN-20260427-000425,10,901.46,0.00,2026-04-27 12:59:59
50,8,TXN-20260428-000430,14,564.16,1725.84,2026-04-28 21:48:11
51,9,TXN-20260428-000436,19,588.56,13455.35,2026-04-28 09:54:21
52,6,TXN-20260429-000456,18,577.08,7469.32,2026-04-29 16:15:59
53,10,TXN-20260430-000474,15,185.85,2581.04,2026-04-30 21:39:48
54,3,TXN-20260501-000596,11,345.80,3154.20,2026-05-01 12:50:24
55,10,TXN-20260502-000610,15,380.22,3119.78,2026-05-02 12:16:19
56,8,TXN-20260502-000615,14,534.13,5465.87,2026-05-02 09:50:42
57,6,TXN-20260502-000616,18,667.57,11332.43,2026-05-02 08:34:21
58,5,TXN-20260503-000623,12,169.92,3830.08,2026-05-03 11:56:14
59,8,TXN-20260503-000626,14,342.75,5123.12,2026-05-03 18:32:18
60,4,TXN-20260503-000627,17,665.24,9334.76,2026-05-03 20:00:06
61,7,TXN-20260503-000634,13,1854.67,1145.33,2026-05-03 10:10:47
62,9,TXN-20260503-000637,19,1045.86,13954.14,2026-05-03 10:49:31
63,8,TXN-20260504-000653,14,107.70,5015.42,2026-05-04 18:59:27
64,1,TXN-20260505-000668,10,1181.87,3318.13,2026-05-05 23:02:42
65,10,TXN-20260505-000675,15,181.89,2937.89,2026-05-05 19:53:22
66,9,TXN-20260505-000676,19,775.76,13178.38,2026-05-05 20:30:00
67,4,TXN-20260505-000677,17,271.66,9063.10,2026-05-05 19:17:32
68,5,TXN-20260505-000678,12,249.17,3580.91,2026-05-05 10:49:17
69,2,TXN-20260506-000683,16,918.11,8081.89,2026-05-06 18:10:21
70,7,TXN-20260506-000695,13,1145.33,0.00,2026-05-06 10:51:22
71,10,TXN-20260507-000701,15,208.77,2729.12,2026-05-07 18:04:44
72,6,TXN-20260507-000707,18,567.72,10764.71,2026-05-07 12:05:09
73,8,TXN-20260507-000708,14,559.75,4455.67,2026-05-07 22:31:25
74,8,TXN-20260508-000715,14,485.55,3970.12,2026-05-08 11:30:09
75,2,TXN-20260508-000722,16,472.86,7609.03,2026-05-08 16:31:17
76,6,TXN-20260508-000725,18,574.11,10190.60,2026-05-08 15:42:06
77,2,TXN-20260509-000737,16,649.33,6959.70,2026-05-09 19:49:46
78,6,TXN-20260509-000748,18,456.51,9734.09,2026-05-09 15:26:02
79,10,TXN-20260509-000751,15,223.69,2505.43,2026-05-09 18:00:21
80,8,TXN-20260510-000763,14,442.84,3527.28,2026-05-10 17:06:28
81,1,TXN-20260510-000768,10,812.00,2506.13,2026-05-10 19:44:46
82,5,TXN-20260511-000770,12,181.81,3399.10,2026-05-11 10:23:09
83,3,TXN-20260511-000772,11,510.79,2643.41,2026-05-11 18:32:27
84,3,TXN-20260511-000773,11,298.16,2345.25,2026-05-11 10:58:27
85,1,TXN-20260511-000776,10,1745.89,760.24,2026-05-11 14:47:08
86,4,TXN-20260511-000783,17,586.25,8476.85,2026-05-11 19:02:45
87,3,TXN-20260512-000805,11,366.67,1978.58,2026-05-12 21:02:34
88,8,TXN-20260512-000813,14,526.32,3000.96,2026-05-12 22:59:35
89,5,TXN-20260512-000818,12,224.82,3174.28,2026-05-12 16:45:15
90,10,TXN-20260513-000826,15,224.41,2281.02,2026-05-13 16:54:49
91,10,TXN-20260513-000827,15,186.50,2094.52,2026-05-13 15:54:14
92,5,TXN-20260514-000838,12,242.75,2931.53,2026-05-14 17:42:25
93,10,TXN-20260514-000841,15,201.34,1893.18,2026-05-14 12:27:10
94,9,TXN-20260515-000861,19,519.46,12658.92,2026-05-15 19:13:30
95,9,TXN-20260516-000863,19,616.58,12042.34,2026-05-16 10:33:14
96,8,TXN-20260516-000871,14,469.16,2531.80,2026-05-16 10:31:28
97,10,TXN-20260516-000880,15,200.85,1692.33,2026-05-16 12:58:09
98,10,TXN-20260516-000881,15,154.22,1538.11,2026-05-16 20:59:53
99,5,TXN-20260517-000883,12,273.12,2658.41,2026-05-17 23:35:58
100,6,TXN-20260517-000889,18,1021.91,8712.18,2026-05-17 22:14:32
101,10,TXN-20260517-000893,15,353.39,1184.72,2026-05-17 09:21:14
102,1,TXN-20260517-000895,10,760.24,0.00,2026-05-17 18:32:46
103,9,TXN-20260518-000904,19,614.69,11427.65,2026-05-18 08:00:21
104,9,TXN-20260518-000905,19,765.38,10662.27,2026-05-18 20:01:26
105,6,TXN-20260518-000910,18,176.23,8535.95,2026-05-18 11:27:46
106,8,TXN-20260519-000923,14,600.60,1931.20,2026-05-19 13:51:26
107,10,TXN-20260519-000933,15,225.12,959.60,2026-05-19 19:22:40
108,5,TXN-20260520-000941,12,205.93,2452.48,2026-05-20 11:58:14
109,2,TXN-20260520-000945,16,800.33,6159.37,2026-05-20 11:00:35
110,9,TXN-20260520-000949,19,812.60,9849.67,2026-05-20 19:26:19
111,8,TXN-20260521-000963,14,466.11,1465.09,2026-05-21 09:13:23
112,8,TXN-20260521-000964,14,557.94,907.15,2026-05-21 08:20:21
113,6,TXN-20260522-000970,18,634.64,7901.31,2026-05-22 16:30:51
114,5,TXN-20260522-000976,12,271.93,2180.55,2026-05-22 08:16:39
115,3,TXN-20260522-000978,11,681.25,1297.33,2026-05-22 19:41:36
116,10,TXN-20260522-000983,15,366.85,592.75,2026-05-22 11:44:59
117,2,TXN-20260524-001008,16,791.60,5367.77,2026-05-24 08:15:00
118,10,TXN-20260524-001013,15,219.80,372.95,2026-05-24 14:29:01
119,8,TXN-20260524-001014,14,405.47,501.68,2026-05-24 16:33:41
120,8,TXN-20260524-001015,14,360.66,141.02,2026-05-24 14:08:36
121,8,TXN-20260525-001020,14,141.02,0.00,2026-05-25 18:15:12
122,4,TXN-20260525-001022,17,513.99,7962.86,2026-05-25 20:43:12
123,6,TXN-20260525-001024,18,737.51,7163.80,2026-05-25 20:35:03
124,6,TXN-20260525-001025,18,453.48,6710.32,2026-05-25 17:33:35
125,10,TXN-20260525-001032,15,132.12,240.83,2026-05-25 14:15:07
126,9,TXN-20260525-001038,19,740.98,9108.69,2026-05-25 18:05:50
127,2,TXN-20260526-001048,16,702.01,4665.76,2026-05-26 09:19:54
128,2,TXN-20260527-001062,16,633.31,4032.45,2026-05-27 20:52:56
129,10,TXN-20260527-001070,15,197.87,42.96,2026-05-27 22:29:32
130,9,TXN-20260527-001073,19,827.99,8280.70,2026-05-27 09:29:22
131,9,TXN-20260528-001075,19,594.29,7686.41,2026-05-28 18:37:03
132,4,TXN-20260528-001085,17,529.49,7433.37,2026-05-28 12:33:30
133,5,TXN-20260528-001086,12,216.94,1963.61,2026-05-28 17:20:40
134,3,TXN-20260528-001088,11,447.43,849.90,2026-05-28 12:19:18
135,6,TXN-20260529-001098,18,145.91,6564.41,2026-05-29 22:01:08
136,6,TXN-20260529-001099,18,371.23,6193.18,2026-05-29 21:15:14
137,2,TXN-20260529-001109,16,209.74,3822.71,2026-05-29 09:17:21
138,2,TXN-20260529-001110,16,654.33,3168.38,2026-05-29 16:43:07
139,5,TXN-20260530-001115,12,123.10,1840.51,2026-05-30 12:44:27
140,4,TXN-20260530-001124,17,443.19,6990.18,2026-05-30 19:51:03
141,6,TXN-20260530-001129,18,639.26,5553.92,2026-05-30 11:29:15
142,2,TXN-20260531-001140,16,594.37,2574.01,2026-05-31 18:03:11
143,6,TXN-20260531-001141,18,395.71,5158.21,2026-05-31 11:15:50
144,5,TXN-20260531-001148,12,163.02,1677.49,2026-05-31 18:27:22
145,3,TXN-20260601-001253,11,428.50,3071.50,2026-06-01 21:58:39
146,5,TXN-20260601-001254,12,175.70,3824.30,2026-06-01 13:47:33
147,5,TXN-20260601-001255,12,172.76,3651.54,2026-06-01 08:47:30
148,9,TXN-20260601-001267,19,599.01,14400.99,2026-06-01 09:14:18
149,8,TXN-20260601-001268,14,374.57,5625.43,2026-06-01 09:41:45
150,4,TXN-20260603-001292,17,679.70,9320.30,2026-06-03 18:45:46
151,10,TXN-20260603-001295,15,234.05,3265.95,2026-06-03 20:28:50
152,8,TXN-20260603-001300,14,449.68,5175.75,2026-06-03 19:47:04
153,10,TXN-20260604-001311,15,181.71,3084.24,2026-06-04 19:22:29
154,2,TXN-20260604-001313,16,574.14,8425.86,2026-06-04 20:34:09
155,7,TXN-20260604-001316,13,1463.98,1536.02,2026-06-04 08:48:24
156,3,TXN-20260604-001321,11,587.95,2483.55,2026-06-04 20:55:24
157,5,TXN-20260604-001326,12,221.40,3430.14,2026-06-04 13:26:59
158,8,TXN-20260605-001348,14,482.49,4693.26,2026-06-05 11:15:40
159,8,TXN-20260605-001349,14,361.11,4332.15,2026-06-05 16:58:54
160,9,TXN-20260606-001364,19,802.33,13598.66,2026-06-06 20:55:44
161,9,TXN-20260606-001365,19,541.38,13057.28,2026-06-06 21:11:58
162,10,TXN-20260606-001369,15,308.08,2776.16,2026-06-06 20:55:08
163,10,TXN-20260607-001372,15,167.10,2609.06,2026-06-07 09:07:26
164,9,TXN-20260607-001387,19,967.79,12089.49,2026-06-07 17:39:16
165,8,TXN-20260607-001390,14,462.40,3869.75,2026-06-07 16:16:26
166,6,TXN-20260608-001399,18,1095.46,10904.54,2026-06-08 19:34:17
167,6,TXN-20260608-001400,18,634.17,10270.37,2026-06-08 22:13:33
168,2,TXN-20260608-001401,16,817.83,7608.03,2026-06-08 22:50:25
169,7,TXN-20260608-001405,13,1536.02,0.00,2026-06-08 22:15:02
170,6,TXN-20260609-001418,18,1047.75,9222.62,2026-06-09 20:10:11
171,5,TXN-20260609-001425,12,177.25,3252.89,2026-06-09 21:21:55
172,9,TXN-20260609-001427,19,596.78,11492.71,2026-06-09 21:57:30
173,2,TXN-20260609-001430,16,939.14,6668.89,2026-06-09 23:38:41
174,10,TXN-20260610-001437,15,202.51,2406.55,2026-06-10 15:05:44
175,9,TXN-20260610-001441,19,825.59,10667.12,2026-06-10 14:54:57
176,4,TXN-20260610-001443,17,828.43,8491.87,2026-06-10 14:16:28
177,2,TXN-20260610-001445,16,418.76,6250.13,2026-06-10 17:59:25
178,2,TXN-20260610-001446,16,879.86,5370.27,2026-06-10 19:55:37
179,5,TXN-20260610-001449,12,139.23,3113.66,2026-06-10 19:57:15
180,2,TXN-20260611-001454,16,937.08,4433.19,2026-06-11 20:19:07
181,2,TXN-20260611-001455,16,554.39,3878.80,2026-06-11 20:31:14
182,8,TXN-20260612-001495,14,628.38,3241.37,2026-06-12 15:40:02
183,1,TXN-20260613-001503,10,1126.72,3373.28,2026-06-13 20:53:30
184,5,TXN-20260613-001508,12,283.40,2830.26,2026-06-13 18:23:54
185,3,TXN-20260613-001514,11,423.82,2059.73,2026-06-13 15:20:06
186,4,TXN-20260613-001518,17,451.34,8040.53,2026-06-13 21:18:08
187,3,TXN-20260614-001527,11,418.41,1641.32,2026-06-14 20:56:32
188,4,TXN-20260614-001530,17,632.46,7408.07,2026-06-14 15:08:01
189,3,TXN-20260615-001539,11,391.64,1249.68,2026-06-15 19:07:50
190,2,TXN-20260615-001545,16,877.47,3001.33,2026-06-15 13:11:22
191,3,TXN-20260616-001549,11,224.58,1025.10,2026-06-16 19:27:38
192,4,TXN-20260616-001562,17,678.86,6729.21,2026-06-16 14:24:09
193,5,TXN-20260616-001563,12,311.26,2519.00,2026-06-16 16:16:16
194,10,TXN-20260617-001567,15,185.41,2221.14,2026-06-17 14:31:19
195,3,TXN-20260617-001572,11,568.46,456.64,2026-06-17 08:13:30
196,8,TXN-20260617-001581,14,464.16,2777.21,2026-06-17 19:37:19
197,6,TXN-20260618-001584,18,546.66,8675.96,2026-06-18 19:59:37
198,10,TXN-20260618-001594,15,219.49,2001.65,2026-06-18 21:28:17
199,8,TXN-20260618-001598,14,582.28,2194.93,2026-06-18 09:43:06
200,9,TXN-20260618-001604,19,589.43,10077.69,2026-06-18 21:14:38
201,4,TXN-20260618-001605,17,529.54,6199.67,2026-06-18 18:31:57
202,5,TXN-20260619-001607,12,282.81,2236.19,2026-06-19 20:18:38
203,6,TXN-20260620-001629,18,558.44,8117.52,2026-06-20 20:14:59
204,10,TXN-20260621-001640,15,251.93,1749.72,2026-06-21 17:09:13
205,10,TXN-20260621-001641,15,204.59,1545.13,2026-06-21 12:29:31
206,5,TXN-20260621-001644,12,168.32,2067.87,2026-06-21 10:52:55
207,1,TXN-20260621-001655,10,1096.96,2276.32,2026-06-21 19:54:55
208,9,TXN-20260621-001658,19,189.94,9887.75,2026-06-21 15:34:47
209,4,TXN-20260622-001665,17,614.86,5584.81,2026-06-22 22:11:48
210,9,TXN-20260622-001668,19,642.13,9245.62,2026-06-22 08:55:30
211,2,TXN-20260622-001672,16,559.17,2442.16,2026-06-22 20:17:39
212,5,TXN-20260622-001676,12,247.99,1819.88,2026-06-22 13:11:02
213,5,TXN-20260623-001683,12,165.52,1654.36,2026-06-23 12:54:41
214,6,TXN-20260624-001697,18,592.19,7525.33,2026-06-24 22:53:25
215,10,TXN-20260624-001700,15,156.06,1389.07,2026-06-24 22:06:07
216,10,TXN-20260624-001701,15,193.55,1195.52,2026-06-24 17:32:02
217,4,TXN-20260625-001711,17,719.54,4865.27,2026-06-25 15:08:15
218,9,TXN-20260626-001725,19,448.12,8797.50,2026-06-26 22:16:49
219,1,TXN-20260626-001736,10,643.42,1632.90,2026-06-26 20:24:11
220,5,TXN-20260626-001739,12,232.27,1422.09,2026-06-26 14:13:42
221,4,TXN-20260626-001741,17,479.61,4385.66,2026-06-26 14:39:01
222,9,TXN-20260627-001742,19,784.87,8012.63,2026-06-27 19:17:57
223,8,TXN-20260627-001745,14,370.63,1824.30,2026-06-27 19:59:08
224,3,TXN-20260627-001755,11,449.37,7.27,2026-06-27 17:28:51
225,8,TXN-20260628-001768,14,235.21,1589.09,2026-06-28 09:48:09
226,6,TXN-20260628-001771,18,758.45,6766.88,2026-06-28 21:38:22
227,10,TXN-20260628-001776,15,203.86,991.66,2026-06-28 21:39:04
228,9,TXN-20260629-001782,19,725.61,7287.02,2026-06-29 20:52:23
229,2,TXN-20260629-001786,16,312.02,2130.14,2026-06-29 19:25:33
230,10,TXN-20260629-001792,15,256.02,735.64,2026-06-29 13:18:30
231,9,TXN-20260630-001797,19,957.06,6329.96,2026-06-30 10:34:20
232,9,TXN-20260630-001798,19,1034.58,5295.38,2026-06-30 19:31:43
233,10,TXN-20260701-001919,15,173.98,3326.02,2026-07-01 21:00:14
234,5,TXN-20260701-001926,12,276.99,3723.01,2026-07-01 14:32:19
235,5,TXN-20260701-001927,12,266.81,3456.20,2026-07-01 10:18:16
236,2,TXN-20260702-001942,16,667.81,8332.19,2026-07-02 10:39:29
237,2,TXN-20260702-001943,16,232.34,8099.85,2026-07-02 20:56:32
238,3,TXN-20260702-001944,11,532.38,2967.62,2026-07-02 15:20:33
239,3,TXN-20260702-001945,11,242.26,2725.36,2026-07-02 14:44:19
240,4,TXN-20260703-001956,17,541.81,9458.19,2026-07-03 12:34:11
241,5,TXN-20260703-001962,12,195.03,3261.17,2026-07-03 21:55:54
242,9,TXN-20260703-001963,19,525.22,14474.78,2026-07-03 14:06:59
243,6,TXN-20260703-001967,18,727.77,11272.23,2026-07-03 12:50:23
244,3,TXN-20260703-001969,11,689.85,2035.51,2026-07-03 09:54:30
245,7,TXN-20260703-001971,13,1360.33,1639.67,2026-07-03 18:51:57
246,10,TXN-20260703-001973,15,236.70,3089.32,2026-07-03 17:01:41
247,9,TXN-20260704-001987,19,833.14,13641.64,2026-07-04 15:26:50
248,9,TXN-20260705-002020,19,581.05,13060.59,2026-07-05 21:51:34
249,3,TXN-20260705-002024,11,327.22,1708.29,2026-07-05 19:40:52
250,9,TXN-20260706-002026,19,687.40,12373.19,2026-07-06 21:52:30
251,4,TXN-20260706-002031,17,710.14,8748.05,2026-07-06 10:48:37
252,3,TXN-20260706-002035,11,416.31,1291.98,2026-07-06 18:56:01
253,5,TXN-20260706-002037,12,226.95,3034.22,2026-07-06 15:46:10
254,5,TXN-20260706-002038,12,239.85,2794.37,2026-07-06 17:45:18
255,5,TXN-20260707-002053,12,357.30,2437.07,2026-07-07 18:58:31
256,6,TXN-20260708-002064,18,688.07,10584.16,2026-07-08 21:12:44
257,10,TXN-20260708-002068,15,220.85,2868.47,2026-07-08 20:56:01
258,2,TXN-20260708-002080,16,972.71,7127.14,2026-07-08 18:12:40
259,6,TXN-20260709-002086,18,731.01,9853.15,2026-07-09 17:03:35
260,10,TXN-20260709-002089,15,266.15,2602.32,2026-07-09 18:18:29
261,4,TXN-20260710-002095,17,626.92,8121.13,2026-07-10 13:01:18
262,5,TXN-20260710-002098,12,220.83,2216.24,2026-07-10 15:08:29
263,3,TXN-20260710-002102,11,619.24,672.74,2026-07-10 09:18:20
264,2,TXN-20260710-002108,16,576.12,6551.02,2026-07-10 09:08:49
265,8,TXN-20260711-002115,14,469.34,5530.66,2026-07-11 09:55:57
266,5,TXN-20260711-002129,12,172.06,2044.18,2026-07-11 17:16:58
267,5,TXN-20260712-002148,12,225.41,1818.77,2026-07-12 18:20:08
268,8,TXN-20260712-002151,14,547.54,4983.12,2026-07-12 17:57:43
269,4,TXN-20260712-002157,17,557.82,7563.31,2026-07-12 19:58:39
270,6,TXN-20260713-002173,18,586.41,9266.74,2026-07-13 10:19:24
271,5,TXN-20260713-002174,12,124.28,1694.49,2026-07-13 09:51:54
272,5,TXN-20260713-002175,12,147.71,1546.78,2026-07-13 08:29:19
273,8,TXN-20260713-002176,14,256.08,4727.04,2026-07-13 20:47:24
274,8,TXN-20260713-002177,14,389.84,4337.20,2026-07-13 19:02:31
275,2,TXN-20260713-002178,16,722.60,5828.42,2026-07-13 19:48:50
276,10,TXN-20260713-002179,15,159.23,2443.09,2026-07-13 15:50:57
277,8,TXN-20260714-002183,14,622.78,3714.42,2026-07-14 11:40:43
278,4,TXN-20260714-002199,17,434.47,7128.84,2026-07-14 17:37:00
279,5,TXN-20260715-002209,12,226.44,1320.34,2026-07-15 20:18:14
280,3,TXN-20260715-002210,11,442.31,230.43,2026-07-15 19:12:31
281,9,TXN-20260715-002213,19,731.40,11641.79,2026-07-15 20:17:38
282,9,TXN-20260715-002214,19,626.07,11015.72,2026-07-15 15:03:10
283,10,TXN-20260715-002218,15,214.82,2228.27,2026-07-15 14:20:46
284,2,TXN-20260716-002222,16,530.32,5298.10,2026-07-16 20:09:37
285,7,TXN-20260716-002232,13,1490.15,149.52,2026-07-16 13:10:22
286,8,TXN-20260716-002237,14,491.62,3222.80,2026-07-16 13:39:25
287,5,TXN-20260717-002243,12,247.42,1072.92,2026-07-17 20:55:31
288,8,TXN-20260717-002249,14,452.49,2770.31,2026-07-17 17:31:02
289,10,TXN-20260717-002252,15,172.34,2055.93,2026-07-17 10:19:25
290,4,TXN-20260717-002256,17,490.16,6638.68,2026-07-17 10:23:23
291,9,TXN-20260717-002260,19,661.44,10354.28,2026-07-17 19:29:46
292,1,TXN-20260718-002272,10,1301.04,3198.96,2026-07-18 19:08:03
293,4,TXN-20260718-002273,17,722.58,5916.10,2026-07-18 11:33:23
294,9,TXN-20260718-002274,19,639.47,9714.81,2026-07-18 13:38:59
295,9,TXN-20260718-002275,19,552.77,9162.04,2026-07-18 21:14:29
296,4,TXN-20260719-002292,17,546.31,5369.79,2026-07-19 19:34:18
297,1,TXN-20260719-002294,10,1325.62,1873.34,2026-07-19 16:07:03
298,1,TXN-20260719-002295,10,954.99,918.35,2026-07-19 16:48:02
299,10,TXN-20260719-002300,15,295.73,1760.20,2026-07-19 18:50:05
300,1,TXN-20260720-002307,10,918.35,0.00,2026-07-20 17:48:54
301,3,TXN-20260720-002309,11,230.43,0.00,2026-07-20 14:12:25
302,10,TXN-20260720-002315,15,281.35,1478.85,2026-07-20 15:21:11
303,8,TXN-20260721-002320,14,331.82,2438.49,2026-07-21 15:47:03
304,6,TXN-20260721-002321,18,513.79,8752.95,2026-07-21 19:49:37
305,5,TXN-20260721-002326,12,294.05,778.87,2026-07-21 21:38:35
306,2,TXN-20260721-002330,16,571.23,4726.87,2026-07-21 22:06:11
307,2,TXN-20260722-002341,16,380.04,4346.83,2026-07-22 13:02:43
308,7,TXN-20260722-002354,13,149.52,0.00,2026-07-22 20:10:37
309,8,TXN-20260722-002355,14,399.75,2038.74,2026-07-22 14:41:01
310,4,TXN-20260723-002365,17,624.62,4745.17,2026-07-23 19:41:37
311,8,TXN-20260724-002384,14,467.33,1571.41,2026-07-24 11:16:26
312,4,TXN-20260724-002388,17,792.75,3952.42,2026-07-24 19:08:23
313,4,TXN-20260724-002389,17,735.14,3217.28,2026-07-24 16:20:10
314,10,TXN-20260724-002390,15,215.61,1263.24,2026-07-24 21:10:04
315,4,TXN-20260725-002402,17,589.71,2627.57,2026-07-25 14:11:11
316,10,TXN-20260725-002405,15,283.44,979.80,2026-07-25 11:14:25
317,6,TXN-20260726-002408,18,844.02,7908.93,2026-07-26 16:09:16
318,2,TXN-20260728-002448,16,503.41,3843.42,2026-07-28 22:35:15
319,6,TXN-20260729-002451,18,383.32,7525.61,2026-07-29 20:00:44
320,9,TXN-20260729-002456,19,818.80,8343.24,2026-07-29 10:52:04
321,8,TXN-20260730-002466,14,431.61,1139.80,2026-07-30 13:58:29
322,4,TXN-20260730-002470,17,781.57,1846.00,2026-07-30 16:05:32
323,4,TXN-20260731-002488,17,615.96,1230.04,2026-07-31 22:44:36
324,10,TXN-20260731-002489,15,204.92,774.88,2026-07-31 11:13:34
325,6,TXN-20260731-002493,18,749.18,6776.43,2026-07-31 19:14:40
326,7,TXN-20260801-002600,13,1252.33,1747.67,2026-08-01 17:42:26
327,10,TXN-20260801-002607,15,391.14,3108.86,2026-08-01 10:26:15
328,5,TXN-20260801-002612,12,250.10,3749.90,2026-08-01 10:45:33
329,8,TXN-20260801-002613,14,235.37,5764.63,2026-08-01 16:27:18
330,2,TXN-20260801-002614,16,646.60,8353.40,2026-08-01 14:19:42
331,4,TXN-20260802-002617,17,703.24,9296.76,2026-08-02 09:27:50
332,3,TXN-20260802-002621,11,411.76,3088.24,2026-08-02 19:56:08
333,8,TXN-20260802-002629,14,558.70,5205.93,2026-08-02 12:19:07
334,8,TXN-20260802-002630,14,478.96,4726.97,2026-08-02 19:16:13
335,9,TXN-20260803-002642,19,775.21,14224.79,2026-08-03 11:33:45
336,4,TXN-20260803-002644,17,465.53,8831.23,2026-08-03 20:14:06
337,5,TXN-20260803-002648,12,161.72,3588.18,2026-08-03 08:30:11
338,6,TXN-20260804-002655,18,596.95,11403.05,2026-08-04 17:58:46
339,4,TXN-20260804-002657,17,845.12,7986.11,2026-08-04 14:16:25
340,5,TXN-20260804-002659,12,219.05,3369.13,2026-08-04 11:17:57
341,3,TXN-20260805-002679,11,472.08,2616.16,2026-08-05 11:29:01
342,10,TXN-20260806-002684,15,147.37,2961.49,2026-08-06 19:48:27
343,6,TXN-20260806-002685,18,435.58,10967.47,2026-08-06 15:07:01
344,3,TXN-20260806-002690,11,312.58,2303.58,2026-08-06 10:07:46
345,3,TXN-20260806-002691,11,463.83,1839.75,2026-08-06 16:31:47
346,9,TXN-20260806-002695,19,516.45,13708.34,2026-08-06 20:51:22
347,3,TXN-20260807-002700,11,439.44,1400.31,2026-08-07 14:53:21
348,10,TXN-20260807-002703,15,303.83,2657.66,2026-08-07 09:22:36
349,2,TXN-20260807-002705,16,764.60,7588.80,2026-08-07 17:09:28
350,4,TXN-20260807-002706,17,598.88,7387.23,2026-08-07 10:40:56
351,4,TXN-20260807-002707,17,1050.24,6336.99,2026-08-07 09:41:40
352,8,TXN-20260808-002709,14,533.86,4193.11,2026-08-08 19:55:14
353,9,TXN-20260808-002711,19,429.11,13279.23,2026-08-08 19:02:57
354,10,TXN-20260808-002715,15,186.78,2470.88,2026-08-08 11:19:51
355,3,TXN-20260808-002718,11,225.77,1174.54,2026-08-08 19:09:02
356,10,TXN-20260809-002721,15,334.63,2136.25,2026-08-09 16:25:47
357,2,TXN-20260809-002728,16,704.89,6883.91,2026-08-09 09:28:16
358,4,TXN-20260810-002740,17,649.12,5687.87,2026-08-10 20:25:51
359,2,TXN-20260810-002742,16,789.86,6094.05,2026-08-10 15:00:48
360,6,TXN-20260811-002744,18,720.01,10247.46,2026-08-11 21:12:26
361,1,TXN-20260811-002746,10,694.03,3805.97,2026-08-11 16:25:30
362,10,TXN-20260811-002749,15,196.35,1939.90,2026-08-11 13:16:54
363,3,TXN-20260812-002768,11,482.59,691.95,2026-08-12 09:43:52
364,6,TXN-20260812-002770,18,472.78,9774.68,2026-08-12 22:43:11
365,7,TXN-20260812-002772,13,498.62,1249.05,2026-08-12 17:52:51
366,3,TXN-20260813-002774,11,348.60,343.35,2026-08-13 15:25:17
367,6,TXN-20260814-002775,18,897.44,8877.24,2026-08-14 13:08:15
368,7,TXN-20260814-002778,13,1249.05,0.00,2026-08-14 21:33:46
369,6,TXN-20260815-002779,18,559.10,8318.14,2026-08-15 20:12:14
370,3,TXN-20260815-002783,11,281.12,62.23,2026-08-15 11:51:38
371,2,TXN-20260816-002787,16,681.37,5412.68,2026-08-16 19:32:45
372,2,TXN-20260816-002788,16,512.15,4900.53,2026-08-16 10:21:37
373,1,TXN-20260816-002789,10,1366.44,2439.53,2026-08-16 19:39:57
374,10,TXN-20260817-002793,15,234.05,1705.85,2026-08-17 19:40:12
375,2,TXN-20260817-002794,16,543.49,4357.04,2026-08-17 21:37:31
376,6,TXN-20260817-002795,18,627.21,7690.93,2026-08-17 18:26:18
377,2,TXN-20260818-002797,16,974.00,3383.04,2026-08-18 11:05:17
378,10,TXN-20260818-002799,15,279.98,1425.87,2026-08-18 22:43:40
379,1,TXN-20260818-002800,10,1632.63,806.90,2026-08-18 09:56:20
380,6,TXN-20260820-002801,18,362.91,7328.02,2026-08-20 11:31:31
381,1,TXN-20260821-002804,10,806.90,0.00,2026-08-21 20:49:05
382,2,TXN-20260822-002805,16,718.88,2664.16,2026-08-22 20:29:52
383,2,TXN-20260828-002817,16,583.36,2080.80,2026-08-28 17:29:19
384,2,TXN-20260828-002818,16,479.84,1600.96,2026-08-28 15:26:09
385,2,TXN-20260901-002925,16,563.44,8436.56,2026-09-01 20:02:58
386,7,TXN-20260901-002926,13,821.28,2178.72,2026-09-01 17:09:25
387,7,TXN-20260901-002927,13,1382.39,796.33,2026-09-01 19:35:43
388,3,TXN-20260901-002928,11,360.43,3139.57,2026-09-01 20:00:15
389,3,TXN-20260901-002929,11,318.80,2820.77,2026-09-01 21:38:59
390,1,TXN-20260902-002930,10,1387.16,3112.84,2026-09-02 19:52:35
391,7,TXN-20260903-002934,13,796.33,0.00,2026-09-03 11:02:47
392,2,TXN-20260903-002936,16,738.80,7697.76,2026-09-03 18:41:55
393,3,TXN-20260905-002951,11,416.19,2404.58,2026-09-05 20:21:33
394,2,TXN-20260905-002952,16,187.80,7509.96,2026-09-05 10:36:53
395,1,TXN-20260905-002956,10,1518.79,1594.05,2026-09-05 16:51:00
396,1,TXN-20260905-002957,10,1108.04,486.01,2026-09-05 22:56:12
397,1,TXN-20260906-002960,10,486.01,0.00,2026-09-06 09:09:36
398,3,TXN-20260909-002966,11,376.04,2028.54,2026-09-09 23:48:12
399,3,TXN-20260922-002990,11,414.63,1613.91,2026-09-22 08:47:57
400,3,TXN-20260929-002991,11,476.90,1137.01,2026-09-29 21:57:03
