fund_id,owner_id,name,category,monthly_budget,total_allocated,total_spent,current_balance,status,created_at
1,1,Tariq's Grocery Fund,Grocery,18000.00,126000.00,7509.59,118490.41,ACTIVE,2026-04-11 08:00:00
2,1,Tariq's Electricity Fund,Electricity,4500.00,31500.00,21242.68,10257.32,ACTIVE,2026-04-11 08:00:00
3,1,Tariq's Education Fund,Education,12000.00,84000.00,39038.86,44961.14,ACTIVE,2026-04-11 08:00:00
4,1,Tariq's Medicine Fund,Medicine,6000.00,42000.00,6012.30,35987.70,ACTIVE,2026-04-11 08:00:00
5,2,Anisul's Grocery Fund,Grocery,20000.00,140000.00,7880.97,132119.03,ACTIVE,2026-04-11 08:00:00
6,2,Anisul's Rent Fund,Rent,25000.00,175000.00,136640.96,38359.04,ACTIVE,2026-04-11 08:00:00
7,2,Anisul's Electricity Fund,Electricity,5000.00,35000.00,28017.00,6983.00,ACTIVE,2026-04-11 08:00:00
8,2,Anisul's Medicine Fund,Medicine,5000.00,35000.00,7137.21,27862.79,ACTIVE,2026-04-11 08:00:00
9,3,Farhan's Grocery Fund,Grocery,16000.00,112000.00,13235.95,98764.05,ACTIVE,2026-04-11 08:00:00
10,3,Farhan's Education Fund,Education,14000.00,98000.00,49166.92,48833.08,ACTIVE,2026-04-11 08:00:00
11,3,Farhan's Electricity Fund,Electricity,4000.00,28000.00,17787.59,10212.41,ACTIVE,2026-04-11 08:00:00
12,3,Farhan's Transport Fund,Transport,5000.00,35000.00,5156.70,29843.30,ACTIVE,2026-04-11 08:00:00
13,4,Mahbub's Grocery Fund,Grocery,22000.00,154000.00,6800.45,147199.55,ACTIVE,2026-04-11 08:00:00
14,4,Mahbub's Rent Fund,Rent,30000.00,210000.00,133996.02,76003.98,ACTIVE,2026-04-11 08:00:00
15,4,Mahbub's Education Fund,Education,16000.00,112000.00,48405.09,63594.91,ACTIVE,2026-04-11 08:00:00
16,4,Mahbub's Medicine Fund,Medicine,8000.00,56000.00,5277.98,50722.02,ACTIVE,2026-04-11 08:00:00
17,5,Kamrul's Grocery Fund,Grocery,15000.00,105000.00,17143.38,87856.62,ACTIVE,2026-04-11 08:00:00
18,5,Kamrul's Electricity Fund,Electricity,4200.00,29400.00,20447.02,8952.98,ACTIVE,2026-04-11 08:00:00
19,5,Kamrul's Medicine Fund,Medicine,6000.00,42000.00,7056.03,34943.97,ACTIVE,2026-04-11 08:00:00
20,5,Kamrul's Education Fund,Education,10000.00,70000.00,40000.00,30000.00,ACTIVE,2026-04-11 08:00:00
21,6,Zahid's Grocery Fund,Grocery,18000.00,126000.00,9876.66,116123.34,ACTIVE,2026-04-11 08:00:00
22,6,Zahid's Rent Fund,Rent,24000.00,168000.00,134744.14,33255.86,ACTIVE,2026-04-11 08:00:00
23,6,Zahid's Electricity Fund,Electricity,4500.00,31500.00,23776.98,7723.02,ACTIVE,2026-04-11 08:00:00
24,6,Zahid's Shopping Fund,Shopping,6000.00,42000.00,20618.30,21381.70,ACTIVE,2026-04-11 08:00:00
25,7,Delwar's Grocery Fund,Grocery,15000.00,105000.00,12331.18,92668.82,ACTIVE,2026-04-11 08:00:00
26,7,Delwar's Electricity Fund,Electricity,3800.00,26600.00,20460.49,6139.51,ACTIVE,2026-04-11 08:00:00
27,7,Delwar's Medicine Fund,Medicine,5000.00,35000.00,3938.89,31061.11,ACTIVE,2026-04-11 08:00:00
28,7,Delwar's Transport Fund,Transport,4000.00,28000.00,4480.49,23519.51,ACTIVE,2026-04-11 08:00:00
29,8,Saifur's Grocery Fund,Grocery,20000.00,140000.00,12043.73,127956.27,ACTIVE,2026-04-11 08:00:00
30,8,Saifur's Education Fund,Education,18000.00,126000.00,79042.96,46957.04,ACTIVE,2026-04-11 08:00:00
31,8,Saifur's Electricity Fund,Electricity,5500.00,38500.00,28048.48,10451.52,ACTIVE,2026-04-11 08:00:00
32,8,Saifur's Treatment Fund,Treatment,10000.00,70000.00,36136.60,33863.40,ACTIVE,2026-04-11 08:00:00
33,9,Shahidul's Grocery Fund,Grocery,19000.00,133000.00,9013.30,123986.70,ACTIVE,2026-04-11 08:00:00
34,9,Shahidul's Rent Fund,Rent,22000.00,154000.00,138971.64,15028.36,ACTIVE,2026-04-11 08:00:00
35,9,Shahidul's Electricity Fund,Electricity,4000.00,28000.00,20496.23,7503.77,ACTIVE,2026-04-11 08:00:00
36,9,Shahidul's Medicine Fund,Medicine,6000.00,42000.00,8180.14,33819.86,ACTIVE,2026-04-11 08:00:00
37,10,Samiul's Education Fund,Education,5000.00,35000.00,30000.00,5000.00,ACTIVE,2026-04-11 08:00:00
38,10,Samiul's Transport Fund,Transport,3000.00,21000.00,11957.81,9042.19,ACTIVE,2026-04-11 08:00:00
39,11,Tanvir's Education Fund,Education,4000.00,28000.00,23945.68,4054.32,ACTIVE,2026-04-11 08:00:00
40,11,Tanvir's Restaurant/Food Fund,Restaurant/Food,3000.00,21000.00,18000.00,3000.00,ACTIVE,2026-04-11 08:00:00
41,12,Rafid's Education Fund,Education,4500.00,31500.00,18000.00,13500.00,ACTIVE,2026-04-11 08:00:00
42,12,Rafid's Transport Fund,Transport,2500.00,17500.00,7514.70,9985.30,ACTIVE,2026-04-11 08:00:00
43,13,Nahian's Education Fund,Education,4000.00,28000.00,24000.00,4000.00,ACTIVE,2026-04-11 08:00:00
44,13,Nahian's Transport Fund,Transport,2000.00,14000.00,10190.24,3809.76,ACTIVE,2026-04-11 08:00:00
45,14,Sakib's Restaurant/Food Fund,Restaurant/Food,5000.00,35000.00,20420.75,14579.25,ACTIVE,2026-04-11 08:00:00
46,14,Sakib's Shopping Fund,Shopping,4000.00,28000.00,18446.64,9553.36,ACTIVE,2026-04-11 08:00:00
47,15,Zubair's Education Fund,Education,4500.00,31500.00,22500.00,9000.00,ACTIVE,2026-04-11 08:00:00
48,15,Zubair's Transport Fund,Transport,2500.00,17500.00,5613.10,11886.90,ACTIVE,2026-04-11 08:00:00
49,16,Nasrin's Grocery Fund,Grocery,8000.00,56000.00,9198.82,46801.18,ACTIVE,2026-04-11 08:00:00
50,16,Nasrin's Medicine Fund,Medicine,4000.00,28000.00,5715.74,22284.26,ACTIVE,2026-04-11 08:00:00
51,17,Farzana's Grocery Fund,Grocery,9000.00,63000.00,12262.02,50737.98,ACTIVE,2026-04-11 08:00:00
52,17,Farzana's Medicine Fund,Medicine,4500.00,31500.00,7218.26,24281.74,ACTIVE,2026-04-11 08:00:00
53,18,Rumana's Grocery Fund,Grocery,10000.00,70000.00,13741.18,56258.82,ACTIVE,2026-04-11 08:00:00
54,18,Rumana's Shopping Fund,Shopping,5000.00,35000.00,21415.87,13584.13,ACTIVE,2026-04-11 08:00:00
55,19,Sadia's Grocery Fund,Grocery,12000.00,84000.00,16384.01,67615.99,ACTIVE,2026-04-11 08:00:00
56,19,Sadia's Medicine Fund,Medicine,5000.00,35000.00,7747.61,27252.39,ACTIVE,2026-04-11 08:00:00
57,20,Asif's Grocery Fund,Grocery,28000.00,196000.00,11007.80,184992.20,ACTIVE,2026-04-11 08:00:00
58,20,Asif's Rent Fund,Rent,40000.00,280000.00,154745.10,125254.90,ACTIVE,2026-04-11 08:00:00
59,20,Asif's Shopping Fund,Shopping,20000.00,140000.00,21363.31,118636.69,ACTIVE,2026-04-11 08:00:00
60,20,Asif's Treatment Fund,Treatment,15000.00,105000.00,33687.97,71312.03,ACTIVE,2026-04-11 08:00:00
61,21,Tanzeem's Grocery Fund,Grocery,32000.00,224000.00,6246.05,217753.95,ACTIVE,2026-04-11 08:00:00
62,21,Tanzeem's Rent Fund,Rent,45000.00,315000.00,175219.40,139780.60,ACTIVE,2026-04-11 08:00:00
63,21,Tanzeem's Restaurant/Food Fund,Restaurant/Food,18000.00,126000.00,12385.09,113614.91,ACTIVE,2026-04-11 08:00:00
64,21,Tanzeem's Shopping Fund,Shopping,22000.00,154000.00,23104.07,130895.93,ACTIVE,2026-04-11 08:00:00
65,22,Nafis's Grocery Fund,Grocery,25000.00,175000.00,6531.97,168468.03,ACTIVE,2026-04-11 08:00:00
66,22,Nafis's Treatment Fund,Treatment,20000.00,140000.00,37679.42,102320.58,ACTIVE,2026-04-11 08:00:00
67,22,Nafis's Education Fund,Education,22000.00,154000.00,50398.25,103601.75,ACTIVE,2026-04-11 08:00:00
68,22,Nafis's Shopping Fund,Shopping,15000.00,105000.00,20698.91,84301.09,ACTIVE,2026-04-11 08:00:00
69,23,Shafiqul's Restaurant/Food Fund,Restaurant/Food,12000.00,84000.00,13458.20,70541.80,ACTIVE,2026-04-11 08:00:00
70,23,Shafiqul's Shopping Fund,Shopping,14000.00,98000.00,39000.39,58999.61,ACTIVE,2026-04-11 08:00:00
71,23,Shafiqul's Transport Fund,Transport,6000.00,42000.00,6044.65,35955.35,ACTIVE,2026-04-11 08:00:00
72,24,Emon's Restaurant/Food Fund,Restaurant/Food,10000.00,70000.00,21490.39,48509.61,ACTIVE,2026-04-11 08:00:00
73,24,Emon's Shopping Fund,Shopping,11000.00,77000.00,27950.45,49049.55,ACTIVE,2026-04-11 08:00:00
74,24,Emon's Transport Fund,Transport,5000.00,35000.00,5068.33,29931.67,ACTIVE,2026-04-11 08:00:00
75,25,Arif's Restaurant/Food Fund,Restaurant/Food,13000.00,91000.00,17803.44,73196.56,ACTIVE,2026-04-11 08:00:00
76,25,Arif's Shopping Fund,Shopping,15000.00,105000.00,26921.96,78078.04,ACTIVE,2026-04-11 08:00:00
77,25,Arif's Grocery Fund,Grocery,10000.00,70000.00,21742.23,48257.77,ACTIVE,2026-04-11 08:00:00
