item_id,transaction_id,name,product_id,quantity,unit_price,discount,tax,total
1,TXN-20260411-000120,Restaurant/Food Daily Essentials Pack,SKU-115,1.00,623.97,0.00,0.00,623.97
2,TXN-20260412-000153,Restaurant/Food Daily Essentials Pack,SKU-610,1.00,321.42,0.00,0.00,321.42
3,TXN-20260413-000161,Shopping Basket Items,SKU-759,1.00,2375.81,0.00,0.00,2375.81
4,TXN-20260413-000166,Grocery Basket Items,SKU-851,1.00,815.90,0.00,0.00,815.90
5,TXN-20260414-000178,Shopping Basket Items,SKU-196,1.00,1762.28,0.00,0.00,1762.28
6,TXN-20260415-000198,Grocery Basket Items,SKU-137,1.00,825.12,0.00,0.00,825.12
7,TXN-20260415-000203,Grocery Basket Items,SKU-502,1.00,983.34,0.00,0.00,983.34
8,TXN-20260416-000213,Shopping Basket Items,SKU-420,1.00,1904.47,0.00,0.00,1904.47
9,TXN-20260416-000216,Grocery Basket Items,SKU-662,1.00,835.48,0.00,0.00,835.48
10,TXN-20260416-000224,Restaurant/Food Daily Essentials Pack,SKU-226,1.00,457.14,0.00,0.00,457.14
11,TXN-20260416-000230,Grocery Basket Items,SKU-658,1.00,999.36,0.00,0.00,999.36
12,TXN-20260417-000232,Restaurant/Food Daily Essentials Pack,SKU-891,1.00,432.47,0.00,0.00,432.47
13,TXN-20260417-000241,Grocery Basket Items,SKU-995,1.00,597.62,0.00,0.00,597.62
14,TXN-20260417-000242,Grocery Basket Items,SKU-551,1.00,1131.25,0.00,0.00,1131.25
15,TXN-20260417-000251,Shopping Basket Items,SKU-393,1.00,2587.70,0.00,0.00,2587.70
16,TXN-20260418-000258,Shopping Basket Items,SKU-760,1.00,749.50,0.00,0.00,749.50
17,TXN-20260418-000264,Grocery Basket Items,SKU-839,1.00,399.36,0.00,0.00,399.36
18,TXN-20260419-000271,Shopping Basket Items,SKU-601,1.00,1981.08,0.00,0.00,1981.08
19,TXN-20260419-000291,Restaurant/Food Daily Essentials Pack,SKU-648,1.00,511.11,0.00,0.00,511.11
20,TXN-20260420-000300,Restaurant/Food Daily Essentials Pack,SKU-359,1.00,313.41,0.00,0.00,313.41
21,TXN-20260420-000307,Shopping Basket Items,SKU-255,1.00,1121.88,0.00,0.00,1121.88
22,TXN-20260421-000308,Grocery Basket Items,SKU-391,1.00,790.83,0.00,0.00,790.83
23,TXN-20260422-000327,Restaurant/Food Daily Essentials Pack,SKU-428,1.00,544.01,0.00,0.00,544.01
24,TXN-20260422-000328,Shopping Basket Items,SKU-254,1.00,1972.66,0.00,0.00,1972.66
25,TXN-20260422-000331,Grocery Daily Essentials Pack,SKU-219,1.00,561.73,0.00,0.00,561.73
26,TXN-20260422-000332,Shopping Basket Items,SKU-883,1.00,1760.06,0.00,0.00,1760.06
27,TXN-20260422-000334,Grocery Daily Essentials Pack,SKU-825,1.00,509.41,0.00,0.00,509.41
28,TXN-20260424-000358,Restaurant/Food Daily Essentials Pack,SKU-420,1.00,480.10,0.00,0.00,480.10
29,TXN-20260424-000360,Grocery Basket Items,SKU-191,1.00,821.89,0.00,0.00,821.89
30,TXN-20260425-000384,Grocery Basket Items,SKU-855,1.00,1126.72,0.00,0.00,1126.72
31,TXN-20260426-000397,Restaurant/Food Daily Essentials Pack,SKU-153,1.00,483.05,0.00,0.00,483.05
32,TXN-20260426-000410,Shopping Basket Items,SKU-202,1.00,1360.72,0.00,0.00,1360.72
33,TXN-20260427-000415,Grocery Basket Items,SKU-430,1.00,1035.97,0.00,0.00,1035.97
34,TXN-20260427-000423,Shopping Basket Items,SKU-341,1.00,1178.34,0.00,0.00,1178.34
35,TXN-20260428-000444,Grocery Basket Items,SKU-131,1.00,1268.89,0.00,0.00,1268.89
36,TXN-20260429-000457,Grocery Basket Items,SKU-943,1.00,824.32,0.00,0.00,824.32
37,TXN-20260501-000587,Shopping Basket Items,SKU-572,1.00,1742.56,0.00,0.00,1742.56
38,TXN-20260501-000590,Grocery Basket Items,SKU-880,1.00,467.26,0.00,0.00,467.26
39,TXN-20260501-000596,Restaurant/Food Daily Essentials Pack,SKU-646,1.00,345.80,0.00,0.00,345.80
40,TXN-20260502-000605,Shopping Basket Items,SKU-886,1.00,2186.51,0.00,0.00,2186.51
41,TXN-20260502-000611,Grocery Basket Items,SKU-902,1.00,881.86,0.00,0.00,881.86
42,TXN-20260503-000626,Restaurant/Food Daily Essentials Pack,SKU-991,1.00,342.75,0.00,0.00,342.75
43,TXN-20260503-000627,Grocery Daily Essentials Pack,SKU-346,1.00,665.24,0.00,0.00,665.24
44,TXN-20260504-000651,Shopping Basket Items,SKU-364,1.00,2248.20,0.00,0.00,2248.20
45,TXN-20260505-000673,Grocery Basket Items,SKU-967,1.00,482.51,0.00,0.00,482.51
46,TXN-20260505-000677,Grocery Daily Essentials Pack,SKU-930,1.00,271.66,0.00,0.00,271.66
47,TXN-20260507-000707,Grocery Daily Essentials Pack,SKU-112,1.00,567.72,0.00,0.00,567.72
48,TXN-20260507-000709,Grocery Basket Items,SKU-713,1.00,938.65,0.00,0.00,938.65
49,TXN-20260509-000738,Grocery Basket Items,SKU-125,1.00,1023.84,0.00,0.00,1023.84
50,TXN-20260510-000752,Grocery Basket Items,SKU-598,1.00,1116.00,0.00,0.00,1116.00
51,TXN-20260510-000757,Grocery Basket Items,SKU-390,1.00,889.95,0.00,0.00,889.95
52,TXN-20260510-000763,Restaurant/Food Daily Essentials Pack,SKU-896,1.00,442.84,0.00,0.00,442.84
53,TXN-20260511-000782,Shopping Basket Items,SKU-590,1.00,2975.33,0.00,0.00,2975.33
54,TXN-20260511-000783,Grocery Daily Essentials Pack,SKU-633,1.00,586.25,0.00,0.00,586.25
55,TXN-20260511-000785,Shopping Basket Items,SKU-845,1.00,2099.24,0.00,0.00,2099.24
56,TXN-20260512-000810,Grocery Basket Items,SKU-502,1.00,1391.56,0.00,0.00,1391.56
57,TXN-20260512-000812,Grocery Basket Items,SKU-789,1.00,480.84,0.00,0.00,480.84
58,TXN-20260512-000817,Grocery Basket Items,SKU-317,1.00,392.79,0.00,0.00,392.79
59,TXN-20260515-000851,Grocery Basket Items,SKU-352,1.00,529.45,0.00,0.00,529.45
60,TXN-20260515-000859,Grocery Basket Items,SKU-520,1.00,942.14,0.00,0.00,942.14
61,TXN-20260516-000867,Grocery Basket Items,SKU-274,1.00,518.77,0.00,0.00,518.77
62,TXN-20260516-000868,Shopping Basket Items,SKU-225,1.00,1353.07,0.00,0.00,1353.07
63,TXN-20260516-000877,Grocery Basket Items,SKU-239,1.00,564.93,0.00,0.00,564.93
64,TXN-20260518-000899,Shopping Basket Items,SKU-446,1.00,979.35,0.00,0.00,979.35
65,TXN-20260519-000927,Grocery Basket Items,SKU-935,1.00,841.70,0.00,0.00,841.70
66,TXN-20260519-000931,Grocery Basket Items,SKU-201,1.00,847.27,0.00,0.00,847.27
67,TXN-20260520-000945,Grocery Daily Essentials Pack,SKU-100,1.00,800.33,0.00,0.00,800.33
68,TXN-20260520-000949,Grocery Daily Essentials Pack,SKU-281,1.00,812.60,0.00,0.00,812.60
69,TXN-20260521-000952,Shopping Basket Items,SKU-425,1.00,1244.21,0.00,0.00,1244.21
70,TXN-20260521-000953,Shopping Basket Items,SKU-601,1.00,1657.36,0.00,0.00,1657.36
71,TXN-20260521-000959,Grocery Basket Items,SKU-458,1.00,1062.22,0.00,0.00,1062.22
72,TXN-20260522-000975,Shopping Basket Items,SKU-138,1.00,2168.32,0.00,0.00,2168.32
73,TXN-20260523-000999,Grocery Basket Items,SKU-455,1.00,969.33,0.00,0.00,969.33
74,TXN-20260524-001014,Restaurant/Food Daily Essentials Pack,SKU-390,1.00,405.47,0.00,0.00,405.47
75,TXN-20260525-001020,Restaurant/Food Daily Essentials Pack,SKU-612,1.00,141.02,0.00,0.00,141.02
76,TXN-20260525-001035,Grocery Basket Items,SKU-147,1.00,890.27,0.00,0.00,890.27
77,TXN-20260526-001044,Grocery Basket Items,SKU-950,1.00,686.93,0.00,0.00,686.93
78,TXN-20260526-001048,Grocery Daily Essentials Pack,SKU-348,1.00,702.01,0.00,0.00,702.01
79,TXN-20260527-001062,Grocery Daily Essentials Pack,SKU-256,1.00,633.31,0.00,0.00,633.31
80,TXN-20260527-001066,Grocery Basket Items,SKU-430,1.00,654.15,0.00,0.00,654.15
81,TXN-20260527-001073,Grocery Daily Essentials Pack,SKU-963,1.00,827.99,0.00,0.00,827.99
82,TXN-20260528-001085,Grocery Daily Essentials Pack,SKU-701,1.00,529.49,0.00,0.00,529.49
83,TXN-20260528-001087,Grocery Basket Items,SKU-227,1.00,1229.93,0.00,0.00,1229.93
84,TXN-20260528-001088,Restaurant/Food Daily Essentials Pack,SKU-958,1.00,447.43,0.00,0.00,447.43
85,TXN-20260529-001105,Grocery Basket Items,SKU-383,1.00,665.76,0.00,0.00,665.76
86,TXN-20260529-001111,Grocery Basket Items,SKU-672,1.00,717.20,0.00,0.00,717.20
87,TXN-20260530-001124,Grocery Daily Essentials Pack,SKU-484,1.00,443.19,0.00,0.00,443.19
88,TXN-20260531-001135,Shopping Basket Items,SKU-594,1.00,920.52,0.00,0.00,920.52
89,TXN-20260531-001140,Grocery Daily Essentials Pack,SKU-393,1.00,594.37,0.00,0.00,594.37
90,TXN-20260602-001274,Shopping Basket Items,SKU-901,1.00,1612.47,0.00,0.00,1612.47
91,TXN-20260602-001284,Grocery Basket Items,SKU-397,1.00,996.27,0.00,0.00,996.27
92,TXN-20260602-001290,Grocery Basket Items,SKU-284,1.00,716.21,0.00,0.00,716.21
93,TXN-20260603-001292,Grocery Daily Essentials Pack,SKU-222,1.00,679.70,0.00,0.00,679.70
94,TXN-20260603-001300,Restaurant/Food Daily Essentials Pack,SKU-183,1.00,449.68,0.00,0.00,449.68
95,TXN-20260607-001387,Grocery Daily Essentials Pack,SKU-283,1.00,967.79,0.00,0.00,967.79
96,TXN-20260608-001410,Shopping Basket Items,SKU-513,1.00,1421.54,0.00,0.00,1421.54
97,TXN-20260609-001418,Grocery Daily Essentials Pack,SKU-155,1.00,1047.75,0.00,0.00,1047.75
98,TXN-20260609-001427,Grocery Daily Essentials Pack,SKU-294,1.00,596.78,0.00,0.00,596.78
99,TXN-20260609-001428,Grocery Basket Items,SKU-168,1.00,498.34,0.00,0.00,498.34
100,TXN-20260610-001443,Grocery Daily Essentials Pack,SKU-706,1.00,828.43,0.00,0.00,828.43
101,TXN-20260610-001446,Grocery Daily Essentials Pack,SKU-894,1.00,879.86,0.00,0.00,879.86
102,TXN-20260611-001453,Shopping Basket Items,SKU-665,1.00,2244.41,0.00,0.00,2244.41
103,TXN-20260611-001467,Grocery Basket Items,SKU-918,1.00,924.69,0.00,0.00,924.69
104,TXN-20260612-001487,Grocery Basket Items,SKU-288,1.00,367.02,0.00,0.00,367.02
105,TXN-20260612-001495,Restaurant/Food Daily Essentials Pack,SKU-774,1.00,628.38,0.00,0.00,628.38
106,TXN-20260613-001502,Shopping Basket Items,SKU-757,1.00,1351.49,0.00,0.00,1351.49
107,TXN-20260613-001514,Restaurant/Food Daily Essentials Pack,SKU-733,1.00,423.82,0.00,0.00,423.82
108,TXN-20260614-001526,Shopping Basket Items,SKU-772,1.00,2953.48,0.00,0.00,2953.48
109,TXN-20260614-001530,Grocery Daily Essentials Pack,SKU-886,1.00,632.46,0.00,0.00,632.46
110,TXN-20260615-001537,Shopping Basket Items,SKU-909,1.00,2120.58,0.00,0.00,2120.58
111,TXN-20260617-001574,Grocery Basket Items,SKU-361,1.00,963.93,0.00,0.00,963.93
112,TXN-20260617-001581,Restaurant/Food Daily Essentials Pack,SKU-414,1.00,464.16,0.00,0.00,464.16
113,TXN-20260618-001592,Grocery Basket Items,SKU-888,1.00,855.97,0.00,0.00,855.97
114,TXN-20260618-001598,Restaurant/Food Daily Essentials Pack,SKU-269,1.00,582.28,0.00,0.00,582.28
115,TXN-20260618-001599,Grocery Basket Items,SKU-212,1.00,802.54,0.00,0.00,802.54
116,TXN-20260619-001616,Grocery Basket Items,SKU-299,1.00,561.12,0.00,0.00,561.12
117,TXN-20260619-001623,Grocery Basket Items,SKU-962,1.00,1231.86,0.00,0.00,1231.86
118,TXN-20260620-001629,Grocery Daily Essentials Pack,SKU-339,1.00,558.44,0.00,0.00,558.44
119,TXN-20260620-001631,Grocery Basket Items,SKU-403,1.00,591.27,0.00,0.00,591.27
120,TXN-20260621-001652,Shopping Basket Items,SKU-143,1.00,329.86,0.00,0.00,329.86
121,TXN-20260622-001668,Grocery Daily Essentials Pack,SKU-475,1.00,642.13,0.00,0.00,642.13
122,TXN-20260624-001695,Grocery Basket Items,SKU-183,1.00,701.75,0.00,0.00,701.75
123,TXN-20260625-001711,Grocery Daily Essentials Pack,SKU-824,1.00,719.54,0.00,0.00,719.54
124,TXN-20260625-001715,Grocery Basket Items,SKU-186,1.00,957.06,0.00,0.00,957.06
125,TXN-20260626-001726,Shopping Basket Items,SKU-495,1.00,1164.79,0.00,0.00,1164.79
126,TXN-20260626-001731,Grocery Basket Items,SKU-717,1.00,917.31,0.00,0.00,917.31
127,TXN-20260626-001741,Grocery Daily Essentials Pack,SKU-545,1.00,479.61,0.00,0.00,479.61
128,TXN-20260628-001772,Grocery Basket Items,SKU-799,1.00,1045.70,0.00,0.00,1045.70
129,TXN-20260629-001789,Shopping Basket Items,SKU-707,1.00,920.95,0.00,0.00,920.95
130,TXN-20260630-001795,Shopping Basket Items,SKU-340,1.00,245.76,0.00,0.00,245.76
131,TXN-20260630-001807,Grocery Basket Items,SKU-877,1.00,667.88,0.00,0.00,667.88
132,TXN-20260701-001915,Shopping Basket Items,SKU-228,1.00,1776.61,0.00,0.00,1776.61
133,TXN-20260702-001937,Grocery Basket Items,SKU-408,1.00,663.99,0.00,0.00,663.99
134,TXN-20260702-001942,Grocery Daily Essentials Pack,SKU-605,1.00,667.81,0.00,0.00,667.81
135,TXN-20260702-001943,Grocery Daily Essentials Pack,SKU-222,1.00,232.34,0.00,0.00,232.34
136,TXN-20260702-001953,Shopping Basket Items,SKU-681,1.00,1558.17,0.00,0.00,1558.17
137,TXN-20260703-001959,Shopping Basket Items,SKU-593,1.00,883.94,0.00,0.00,883.94
138,TXN-20260703-001963,Grocery Daily Essentials Pack,SKU-694,1.00,525.22,0.00,0.00,525.22
139,TXN-20260703-001967,Grocery Daily Essentials Pack,SKU-629,1.00,727.77,0.00,0.00,727.77
140,TXN-20260704-001981,Shopping Basket Items,SKU-859,1.00,1875.06,0.00,0.00,1875.06
141,TXN-20260704-001989,Shopping Basket Items,SKU-692,1.00,1949.99,0.00,0.00,1949.99
142,TXN-20260705-002020,Grocery Daily Essentials Pack,SKU-305,1.00,581.05,0.00,0.00,581.05
143,TXN-20260705-002024,Restaurant/Food Daily Essentials Pack,SKU-885,1.00,327.22,0.00,0.00,327.22
144,TXN-20260706-002033,Shopping Basket Items,SKU-368,1.00,1653.92,0.00,0.00,1653.92
145,TXN-20260708-002080,Grocery Daily Essentials Pack,SKU-112,1.00,972.71,0.00,0.00,972.71
146,TXN-20260709-002090,Grocery Basket Items,SKU-287,1.00,1767.28,0.00,0.00,1767.28
147,TXN-20260710-002108,Grocery Daily Essentials Pack,SKU-835,1.00,576.12,0.00,0.00,576.12
148,TXN-20260711-002115,Restaurant/Food Daily Essentials Pack,SKU-369,1.00,469.34,0.00,0.00,469.34
149,TXN-20260711-002116,Grocery Basket Items,SKU-138,1.00,980.32,0.00,0.00,980.32
150,TXN-20260711-002121,Grocery Basket Items,SKU-909,1.00,533.42,0.00,0.00,533.42
151,TXN-20260712-002151,Restaurant/Food Daily Essentials Pack,SKU-706,1.00,547.54,0.00,0.00,547.54
152,TXN-20260713-002176,Restaurant/Food Daily Essentials Pack,SKU-512,1.00,256.08,0.00,0.00,256.08
153,TXN-20260713-002177,Restaurant/Food Daily Essentials Pack,SKU-363,1.00,389.84,0.00,0.00,389.84
154,TXN-20260713-002178,Grocery Daily Essentials Pack,SKU-486,1.00,722.60,0.00,0.00,722.60
155,TXN-20260714-002193,Shopping Basket Items,SKU-949,1.00,2627.36,0.00,0.00,2627.36
156,TXN-20260715-002214,Grocery Daily Essentials Pack,SKU-843,1.00,626.07,0.00,0.00,626.07
157,TXN-20260715-002220,Grocery Basket Items,SKU-490,1.00,917.21,0.00,0.00,917.21
158,TXN-20260716-002223,Grocery Basket Items,SKU-651,1.00,932.82,0.00,0.00,932.82
159,TXN-20260716-002225,Grocery Basket Items,SKU-702,1.00,598.02,0.00,0.00,598.02
160,TXN-20260716-002234,Grocery Basket Items,SKU-721,1.00,1159.46,0.00,0.00,1159.46
161,TXN-20260717-002245,Grocery Basket Items,SKU-620,1.00,1093.56,0.00,0.00,1093.56
162,TXN-20260717-002249,Restaurant/Food Daily Essentials Pack,SKU-569,1.00,452.49,0.00,0.00,452.49
163,TXN-20260717-002255,Grocery Basket Items,SKU-875,1.00,613.53,0.00,0.00,613.53
164,TXN-20260717-002256,Grocery Daily Essentials Pack,SKU-447,1.00,490.16,0.00,0.00,490.16
165,TXN-20260717-002260,Grocery Daily Essentials Pack,SKU-726,1.00,661.44,0.00,0.00,661.44
166,TXN-20260718-002264,Grocery Basket Items,SKU-413,1.00,996.73,0.00,0.00,996.73
167,TXN-20260718-002271,Shopping Basket Items,SKU-477,1.00,1984.79,0.00,0.00,1984.79
168,TXN-20260718-002273,Grocery Daily Essentials Pack,SKU-718,1.00,722.58,0.00,0.00,722.58
169,TXN-20260718-002278,Grocery Basket Items,SKU-656,1.00,743.75,0.00,0.00,743.75
170,TXN-20260719-002288,Grocery Basket Items,SKU-789,1.00,952.19,0.00,0.00,952.19
171,TXN-20260719-002292,Grocery Daily Essentials Pack,SKU-797,1.00,546.31,0.00,0.00,546.31
172,TXN-20260720-002306,Grocery Basket Items,SKU-764,1.00,1367.48,0.00,0.00,1367.48
173,TXN-20260720-002317,Grocery Basket Items,SKU-725,1.00,927.50,0.00,0.00,927.50
174,TXN-20260721-002321,Grocery Daily Essentials Pack,SKU-128,1.00,513.79,0.00,0.00,513.79
175,TXN-20260722-002353,Shopping Basket Items,SKU-983,1.00,1915.37,0.00,0.00,1915.37
176,TXN-20260722-002355,Restaurant/Food Daily Essentials Pack,SKU-795,1.00,399.75,0.00,0.00,399.75
177,TXN-20260723-002373,Grocery Basket Items,SKU-316,1.00,662.33,0.00,0.00,662.33
178,TXN-20260725-002392,Grocery Basket Items,SKU-840,1.00,876.28,0.00,0.00,876.28
179,TXN-20260726-002413,Shopping Basket Items,SKU-226,1.00,2056.88,0.00,0.00,2056.88
180,TXN-20260728-002447,Grocery Basket Items,SKU-135,1.00,482.61,0.00,0.00,482.61
181,TXN-20260729-002456,Grocery Daily Essentials Pack,SKU-781,1.00,818.80,0.00,0.00,818.80
182,TXN-20260729-002459,Grocery Basket Items,SKU-492,1.00,728.40,0.00,0.00,728.40
183,TXN-20260730-002470,Grocery Daily Essentials Pack,SKU-147,1.00,781.57,0.00,0.00,781.57
184,TXN-20260731-002477,Grocery Basket Items,SKU-277,1.00,924.59,0.00,0.00,924.59
185,TXN-20260731-002486,Shopping Basket Items,SKU-263,1.00,2462.83,0.00,0.00,2462.83
186,TXN-20260731-002495,Grocery Basket Items,SKU-740,1.00,1401.55,0.00,0.00,1401.55
187,TXN-20260801-002599,Grocery Basket Items,SKU-182,1.00,853.79,0.00,0.00,853.79
188,TXN-20260801-002603,Shopping Basket Items,SKU-902,1.00,1415.87,0.00,0.00,1415.87
189,TXN-20260801-002614,Grocery Daily Essentials Pack,SKU-467,1.00,646.60,0.00,0.00,646.60
190,TXN-20260802-002621,Restaurant/Food Daily Essentials Pack,SKU-817,1.00,411.76,0.00,0.00,411.76
191,TXN-20260802-002623,Shopping Basket Items,SKU-940,1.00,1925.73,0.00,0.00,1925.73
192,TXN-20260802-002630,Restaurant/Food Daily Essentials Pack,SKU-296,1.00,478.96,0.00,0.00,478.96
193,TXN-20260803-002634,Grocery Basket Items,SKU-155,1.00,958.77,0.00,0.00,958.77
194,TXN-20260803-002642,Grocery Daily Essentials Pack,SKU-669,1.00,775.21,0.00,0.00,775.21
195,TXN-20260803-002645,Grocery Basket Items,SKU-231,1.00,903.19,0.00,0.00,903.19
196,TXN-20260804-002654,Shopping Basket Items,SKU-328,1.00,1884.97,0.00,0.00,1884.97
197,TXN-20260804-002660,Grocery Basket Items,SKU-881,1.00,972.43,0.00,0.00,972.43
198,TXN-20260805-002679,Restaurant/Food Daily Essentials Pack,SKU-225,1.00,472.08,0.00,0.00,472.08
199,TXN-20260805-002683,Grocery Basket Items,SKU-361,1.00,518.39,0.00,0.00,518.39
200,TXN-20260806-002688,Grocery Basket Items,SKU-746,1.00,1036.83,0.00,0.00,1036.83
201,TXN-20260806-002695,Grocery Daily Essentials Pack,SKU-331,1.00,516.45,0.00,0.00,516.45
202,TXN-20260807-002705,Grocery Daily Essentials Pack,SKU-861,1.00,764.60,0.00,0.00,764.60
203,TXN-20260807-002706,Grocery Daily Essentials Pack,SKU-955,1.00,598.88,0.00,0.00,598.88
204,TXN-20260808-002718,Restaurant/Food Daily Essentials Pack,SKU-111,1.00,225.77,0.00,0.00,225.77
205,TXN-20260809-002728,Grocery Daily Essentials Pack,SKU-653,1.00,704.89,0.00,0.00,704.89
206,TXN-20260809-002731,Shopping Basket Items,SKU-200,1.00,2446.64,0.00,0.00,2446.64
207,TXN-20260815-002783,Restaurant/Food Daily Essentials Pack,SKU-105,1.00,281.12,0.00,0.00,281.12
208,TXN-20260816-002787,Grocery Daily Essentials Pack,SKU-285,1.00,681.37,0.00,0.00,681.37
209,TXN-20260818-002797,Grocery Daily Essentials Pack,SKU-654,1.00,974.00,0.00,0.00,974.00
210,TXN-20260822-002805,Grocery Daily Essentials Pack,SKU-303,1.00,718.88,0.00,0.00,718.88
211,TXN-20260828-002817,Grocery Daily Essentials Pack,SKU-910,1.00,583.36,0.00,0.00,583.36
212,TXN-20260903-002936,Grocery Daily Essentials Pack,SKU-653,1.00,738.80,0.00,0.00,738.80
213,TXN-20260905-002951,Restaurant/Food Daily Essentials Pack,SKU-790,1.00,416.19,0.00,0.00,416.19
