wallet_id,owner_id,initial_balance,final_balance,currency,created_at
1,1,29750.00,91000.58,BDT,2026-04-11 08:00:00
2,2,33250.00,206213.36,BDT,2026-04-11 08:00:00
3,3,27300.00,103781.19,BDT,2026-04-11 08:00:00
4,4,38500.00,166685.00,BDT,2026-04-11 08:00:00
5,5,25200.00,66638.03,BDT,2026-04-11 08:00:00
6,6,30800.00,214215.37,BDT,2026-04-11 08:00:00
7,7,23800.00,95441.11,BDT,2026-04-11 08:00:00
8,8,36750.00,185296.39,BDT,2026-04-11 08:00:00
9,9,31500.00,223231.29,BDT,2026-04-11 08:00:00
10,10,4200.00,3062.43,BDT,2026-04-11 08:00:00
11,11,3500.00,7466.87,BDT,2026-04-11 08:00:00
12,12,3850.00,13963.870,BDT,2026-04-11 08:00:00
13,13,3150.00,6810.53,BDT,2026-04-11 08:00:00
14,14,4900.00,10624.380,BDT,2026-04-11 08:00:00
15,15,3675.00,9168.74,BDT,2026-04-11 08:00:00
16,16,7000.00,473.510,BDT,2026-04-11 08:00:00
17,17,7700.00,15533.230,BDT,2026-04-11 08:00:00
18,18,8750.00,32925.12,BDT,2026-04-11 08:00:00
19,19,9800.00,6589.04,BDT,2026-04-11 08:00:00
20,20,64750.00,481695.88,BDT,2026-04-11 08:00:00
21,21,73500.00,665700.56,BDT,2026-04-11 08:00:00
22,22,57750.00,366306.75,BDT,2026-04-11 08:00:00
23,23,22750.00,193471.73,BDT,2026-04-11 08:00:00
24,24,19250.00,174343.75,BDT,2026-04-11 08:00:00
25,25,24500.00,152660.01,BDT,2026-04-11 08:00:00
